-- MySQL dump 10.13  Distrib 8.0.21, for Win64 (x86_64)
--
-- Host: localhost    Database: vk
-- ------------------------------------------------------
-- Server version	8.0.21

/*!40101 SET @OLD_CHARACTER_SET_CLIENT=@@CHARACTER_SET_CLIENT */;
/*!40101 SET @OLD_CHARACTER_SET_RESULTS=@@CHARACTER_SET_RESULTS */;
/*!40101 SET @OLD_COLLATION_CONNECTION=@@COLLATION_CONNECTION */;
/*!50503 SET NAMES utf8mb4 */;
/*!40103 SET @OLD_TIME_ZONE=@@TIME_ZONE */;
/*!40103 SET TIME_ZONE='+00:00' */;
/*!40014 SET @OLD_UNIQUE_CHECKS=@@UNIQUE_CHECKS, UNIQUE_CHECKS=0 */;
/*!40014 SET @OLD_FOREIGN_KEY_CHECKS=@@FOREIGN_KEY_CHECKS, FOREIGN_KEY_CHECKS=0 */;
/*!40101 SET @OLD_SQL_MODE=@@SQL_MODE, SQL_MODE='NO_AUTO_VALUE_ON_ZERO' */;
/*!40111 SET @OLD_SQL_NOTES=@@SQL_NOTES, SQL_NOTES=0 */;

--
-- Table structure for table `communities`
--

DROP TABLE IF EXISTS `communities`;
/*!40101 SET @saved_cs_client     = @@character_set_client */;
/*!50503 SET character_set_client = utf8mb4 */;
CREATE TABLE `communities` (
  `id` int unsigned NOT NULL AUTO_INCREMENT COMMENT 'Идентификатор сроки',
  `name` varchar(150) NOT NULL COMMENT 'Название группы',
  `created_at` datetime DEFAULT CURRENT_TIMESTAMP COMMENT 'Время создания строки',
  `updated_at` datetime DEFAULT CURRENT_TIMESTAMP ON UPDATE CURRENT_TIMESTAMP COMMENT 'Время обновления строки',
  PRIMARY KEY (`id`),
  UNIQUE KEY `name` (`name`)
) ENGINE=InnoDB AUTO_INCREMENT=101 DEFAULT CHARSET=utf8mb4 COLLATE=utf8mb4_0900_ai_ci COMMENT='Группы';
/*!40101 SET character_set_client = @saved_cs_client */;

--
-- Dumping data for table `communities`
--

LOCK TABLES `communities` WRITE;
/*!40000 ALTER TABLE `communities` DISABLE KEYS */;
INSERT INTO `communities` VALUES (1,'alias','2020-03-05 09:37:39','2020-07-06 22:22:23'),(2,'ratione','2020-07-03 10:49:57','2020-08-15 22:30:46'),(3,'sequi','2020-01-24 00:35:28','2020-06-06 19:50:28'),(4,'quis','2019-10-28 13:42:55','2019-11-02 23:32:14'),(5,'veritatis','2020-07-05 00:17:02','2019-08-30 08:07:36'),(6,'earum','2020-08-19 08:17:09','2019-09-07 03:25:21'),(7,'dolorem','2020-04-30 02:08:39','2019-08-22 08:08:08'),(8,'repellendus','2020-01-01 19:08:01','2019-12-13 03:27:13'),(9,'consequatur','2020-02-08 04:01:44','2020-01-06 10:52:36'),(10,'quia','2020-01-11 04:01:22','2020-05-07 22:20:07'),(11,'pariatur','2020-06-29 05:49:36','2019-10-11 12:35:30'),(12,'eveniet','2020-04-24 03:57:49','2020-06-27 06:27:35'),(13,'deleniti','2020-06-17 21:17:12','2019-10-12 16:21:12'),(14,'et','2019-11-02 02:59:20','2020-03-25 21:45:41'),(15,'at','2020-03-18 02:12:37','2019-12-30 23:12:05'),(16,'perferendis','2019-11-21 07:08:57','2019-10-18 16:14:09'),(17,'autem','2020-05-16 12:30:58','2019-08-21 08:57:46'),(18,'quisquam','2019-08-25 03:53:48','2020-01-01 20:39:00'),(19,'placeat','2020-03-02 07:27:37','2019-10-25 07:57:40'),(20,'cum','2019-12-22 15:30:33','2019-10-14 02:24:36'),(21,'optio','2020-08-04 09:06:44','2019-12-08 21:58:43'),(22,'labore','2019-09-24 19:47:32','2020-02-07 08:16:27'),(23,'soluta','2019-09-08 07:10:36','2020-04-16 20:14:58'),(24,'aut','2019-10-17 15:16:53','2020-02-09 08:05:03'),(25,'ipsum','2020-07-07 14:19:58','2020-02-07 03:40:03'),(26,'beatae','2020-08-11 15:42:18','2020-08-13 11:30:58'),(27,'consectetur','2020-06-23 16:45:28','2019-11-27 21:44:06'),(28,'quibusdam','2019-10-29 18:51:04','2020-04-26 02:07:44'),(29,'est','2020-03-06 22:18:13','2020-05-15 07:39:07'),(30,'cupiditate','2020-04-15 07:09:31','2020-05-10 13:24:04'),(31,'totam','2019-12-10 10:16:38','2019-12-02 05:10:38'),(32,'minus','2020-02-07 13:42:59','2019-11-24 20:59:24'),(33,'ea','2020-07-07 03:30:53','2020-03-06 22:26:27'),(34,'nihil','2020-03-14 03:00:24','2019-10-02 22:36:51'),(35,'maxime','2019-12-09 13:18:34','2019-11-13 20:39:27'),(36,'provident','2019-10-28 03:46:53','2019-10-08 17:52:53'),(37,'nostrum','2020-05-17 18:49:56','2020-03-26 20:22:36'),(38,'molestiae','2020-05-20 17:36:51','2019-09-19 16:17:05'),(39,'officia','2020-06-29 05:47:38','2020-02-07 20:43:21'),(40,'reprehenderit','2019-11-08 23:11:57','2019-11-27 07:06:35'),(41,'omnis','2019-12-26 04:08:02','2019-09-15 12:01:27'),(42,'delectus','2020-02-28 06:40:05','2019-09-30 00:30:16'),(43,'ut','2020-03-07 01:35:48','2019-10-06 14:18:21'),(44,'qui','2020-07-02 01:35:58','2020-08-17 16:02:45'),(45,'impedit','2019-10-27 03:52:10','2020-08-03 20:29:19'),(46,'iste','2020-02-01 06:19:52','2020-02-27 23:58:06'),(47,'aliquam','2019-08-31 18:26:26','2019-08-25 22:34:36'),(48,'voluptatem','2020-03-03 08:02:07','2019-09-10 11:46:13'),(49,'perspiciatis','2019-11-28 05:58:53','2019-12-19 08:52:49'),(50,'in','2020-06-04 11:25:06','2020-04-15 00:02:33'),(51,'necessitatibus','2020-02-10 16:22:53','2020-06-23 08:11:40'),(52,'facere','2020-05-26 23:26:11','2019-11-02 02:39:41'),(53,'maiores','2020-07-20 05:40:57','2019-08-31 18:56:52'),(54,'praesentium','2020-03-25 13:18:40','2020-01-18 15:17:19'),(55,'id','2019-09-15 00:53:23','2020-02-20 07:13:48'),(56,'consequuntur','2020-04-26 10:57:26','2020-04-21 22:01:03'),(57,'ipsam','2019-08-27 06:00:10','2019-08-28 20:44:55'),(58,'occaecati','2019-12-06 03:04:07','2020-05-02 16:11:47'),(59,'eum','2019-10-25 18:21:28','2020-06-28 12:36:25'),(60,'dolor','2020-01-20 02:42:44','2019-09-14 19:04:53'),(61,'nesciunt','2019-09-22 00:27:42','2020-02-05 23:10:57'),(62,'quod','2019-08-20 18:50:04','2020-05-03 01:57:20'),(63,'aspernatur','2019-12-05 13:56:39','2020-07-25 20:19:19'),(64,'odio','2020-06-04 08:12:54','2020-01-01 05:09:08'),(65,'adipisci','2020-08-09 08:01:43','2019-10-30 20:15:27'),(66,'non','2019-12-29 23:56:14','2019-10-27 00:16:06'),(67,'laudantium','2020-02-27 03:39:05','2019-09-27 02:10:49'),(68,'fuga','2020-03-18 15:11:21','2020-07-26 03:21:19'),(69,'minima','2020-03-14 05:59:14','2019-10-01 17:35:15'),(70,'nulla','2019-10-01 16:23:56','2019-11-19 07:50:50'),(71,'modi','2019-10-11 02:37:59','2020-04-21 23:50:31'),(72,'porro','2019-12-24 14:06:24','2020-02-25 23:56:29'),(73,'asperiores','2020-05-23 00:06:46','2019-09-26 06:11:36'),(74,'eligendi','2020-05-20 07:29:12','2019-11-19 09:55:44'),(75,'voluptate','2020-05-24 01:52:43','2020-03-27 20:39:37'),(76,'quo','2020-05-19 04:09:11','2019-09-07 12:06:55'),(77,'itaque','2019-11-04 19:47:41','2020-07-06 23:30:30'),(78,'odit','2020-01-03 01:00:46','2020-02-12 00:05:16'),(79,'numquam','2019-11-23 23:01:49','2020-05-15 00:02:50'),(80,'distinctio','2019-11-17 20:21:33','2020-01-28 06:30:58'),(81,'vel','2020-08-18 07:01:10','2020-01-15 15:03:05'),(82,'quidem','2020-04-08 04:15:01','2019-10-01 19:54:10'),(83,'nam','2019-12-10 04:32:26','2020-04-09 23:58:24'),(84,'dolores','2020-08-03 10:47:56','2019-09-23 02:47:39'),(85,'rerum','2019-12-23 08:19:03','2020-08-18 12:04:23'),(86,'explicabo','2020-08-18 09:54:05','2019-12-14 05:40:16'),(87,'deserunt','2020-05-18 13:51:20','2020-03-25 00:17:19'),(88,'voluptatibus','2020-04-03 04:33:18','2020-03-12 03:17:53'),(89,'atque','2020-02-10 23:54:16','2019-12-09 13:09:13'),(90,'sunt','2019-09-26 15:11:30','2020-01-05 18:27:11'),(91,'quas','2019-08-28 15:37:42','2020-01-02 15:22:42'),(92,'amet','2019-12-07 06:01:21','2020-07-12 04:30:29'),(93,'tempore','2020-06-30 07:17:51','2020-04-15 03:04:06'),(94,'vitae','2019-09-26 01:02:54','2019-12-29 07:02:16'),(95,'doloremque','2020-02-07 02:34:27','2020-04-28 01:05:19'),(96,'repudiandae','2020-06-22 04:24:57','2020-04-30 16:20:28'),(97,'facilis','2020-02-10 02:52:25','2020-01-09 18:21:15'),(98,'sit','2020-04-03 22:56:13','2019-09-26 15:31:30'),(99,'magnam','2020-03-20 03:23:51','2020-06-11 06:01:01'),(100,'eaque','2019-08-25 14:28:07','2019-12-02 13:50:20');
/*!40000 ALTER TABLE `communities` ENABLE KEYS */;
UNLOCK TABLES;

--
-- Table structure for table `communities_users`
--

DROP TABLE IF EXISTS `communities_users`;
/*!40101 SET @saved_cs_client     = @@character_set_client */;
/*!50503 SET character_set_client = utf8mb4 */;
CREATE TABLE `communities_users` (
  `community_id` int unsigned NOT NULL COMMENT 'Ссылка на группу',
  `user_id` int unsigned NOT NULL COMMENT 'Ссылка на пользователя',
  `created_at` datetime DEFAULT CURRENT_TIMESTAMP COMMENT 'Время создания строки',
  PRIMARY KEY (`community_id`,`user_id`) COMMENT 'Составной первичный ключ'
) ENGINE=InnoDB DEFAULT CHARSET=utf8mb4 COLLATE=utf8mb4_0900_ai_ci COMMENT='Участники групп, связь между пользователями и группами';
/*!40101 SET character_set_client = @saved_cs_client */;

--
-- Dumping data for table `communities_users`
--

LOCK TABLES `communities_users` WRITE;
/*!40000 ALTER TABLE `communities_users` DISABLE KEYS */;
INSERT INTO `communities_users` VALUES (2,77,'2020-04-24 01:08:40'),(3,13,'2020-06-18 07:08:45'),(3,49,'2020-01-12 01:11:49'),(5,75,'2020-04-13 09:57:06'),(6,59,'2019-09-28 18:51:29'),(7,38,'2020-04-06 15:06:58'),(7,98,'2019-09-16 14:22:10'),(11,10,'2020-04-03 12:21:53'),(11,43,'2019-10-13 22:05:49'),(11,78,'2019-09-26 06:25:19'),(13,13,'2020-04-09 12:13:19'),(15,44,'2019-10-30 00:59:56'),(17,45,'2020-07-28 17:34:48'),(18,9,'2019-12-11 19:34:59'),(19,52,'2020-04-25 17:44:42'),(19,59,'2019-12-23 19:55:01'),(19,66,'2019-12-24 06:52:46'),(20,75,'2019-12-21 11:37:48'),(20,83,'2020-06-17 08:47:40'),(21,2,'2020-01-30 20:33:02'),(21,69,'2020-06-26 09:17:52'),(25,18,'2019-12-31 20:09:18'),(25,95,'2020-08-13 07:50:45'),(26,84,'2020-08-10 00:22:20'),(28,81,'2020-05-29 19:52:55'),(28,96,'2020-04-04 09:05:47'),(29,30,'2020-02-25 07:25:47'),(29,31,'2019-12-02 16:50:49'),(29,73,'2020-03-27 09:16:38'),(30,20,'2020-05-17 03:36:44'),(35,52,'2020-05-19 18:35:59'),(38,47,'2020-01-04 19:15:55'),(39,9,'2020-01-03 11:42:30'),(39,53,'2019-10-14 14:04:00'),(39,80,'2020-01-29 20:48:00'),(40,92,'2020-06-21 03:00:16'),(42,31,'2019-10-15 16:54:57'),(42,86,'2019-08-29 11:40:55'),(43,32,'2020-07-05 04:41:01'),(44,45,'2019-09-19 12:11:10'),(44,65,'2020-08-04 03:45:32'),(44,67,'2020-05-31 21:47:11'),(45,32,'2020-05-04 06:00:49'),(47,90,'2020-04-28 23:40:31'),(47,100,'2019-08-24 10:39:20'),(48,90,'2020-05-21 19:20:03'),(49,11,'2020-08-17 11:19:22'),(49,62,'2019-11-11 15:44:20'),(49,85,'2019-12-28 20:09:19'),(49,99,'2019-11-19 12:40:51'),(50,42,'2020-03-06 03:12:56'),(50,58,'2020-06-26 19:46:59'),(52,86,'2020-04-06 07:29:04'),(53,60,'2020-04-05 02:53:27'),(56,10,'2020-03-09 12:33:08'),(56,75,'2020-06-17 03:45:28'),(58,99,'2019-12-17 11:53:10'),(62,70,'2019-12-18 10:47:24'),(64,76,'2020-08-15 16:25:18'),(64,90,'2020-03-30 21:45:17'),(65,19,'2019-08-21 19:30:37'),(65,33,'2020-07-16 08:47:48'),(65,41,'2020-08-09 02:12:48'),(65,64,'2020-04-24 18:21:16'),(66,6,'2019-11-08 08:20:18'),(67,21,'2020-05-29 10:07:08'),(67,52,'2019-11-04 23:09:36'),(69,84,'2020-05-15 13:27:50'),(70,38,'2019-11-10 02:58:01'),(70,90,'2020-05-22 19:03:08'),(71,64,'2020-07-22 23:11:17'),(71,100,'2019-09-29 20:29:24'),(72,10,'2020-04-12 01:01:20'),(76,54,'2020-08-01 06:17:28'),(78,18,'2019-10-08 06:03:45'),(78,24,'2020-04-24 15:09:09'),(79,52,'2020-02-25 05:10:44'),(80,20,'2020-04-23 11:55:32'),(80,59,'2019-11-23 06:23:59'),(80,73,'2019-12-29 01:02:13'),(82,25,'2020-02-15 06:37:53'),(82,67,'2019-10-04 20:03:30'),(83,60,'2019-09-20 11:49:36'),(84,93,'2020-01-28 09:46:44'),(88,25,'2019-10-27 14:23:54'),(88,37,'2020-06-15 12:45:45'),(89,28,'2020-04-30 10:34:21'),(90,27,'2019-10-16 04:13:08'),(90,79,'2019-11-12 19:12:45'),(92,18,'2019-10-20 23:03:40'),(95,53,'2020-01-06 05:53:13'),(96,5,'2019-10-12 22:41:21'),(96,72,'2020-01-16 16:37:31'),(96,90,'2020-08-04 16:49:18'),(97,10,'2020-07-13 20:11:53'),(97,32,'2020-07-04 19:12:23'),(97,49,'2019-09-01 11:03:23'),(97,58,'2019-11-25 00:17:35'),(100,66,'2020-07-19 05:34:34'),(100,83,'2020-02-29 01:37:50');
/*!40000 ALTER TABLE `communities_users` ENABLE KEYS */;
UNLOCK TABLES;

--
-- Table structure for table `friendship`
--

DROP TABLE IF EXISTS `friendship`;
/*!40101 SET @saved_cs_client     = @@character_set_client */;
/*!50503 SET character_set_client = utf8mb4 */;
CREATE TABLE `friendship` (
  `user_id` int unsigned NOT NULL COMMENT 'Ссылка на инициатора дружеских отношений',
  `friend_id` int unsigned NOT NULL COMMENT 'Ссылка на получателя приглашения дружить',
  `status_id` int unsigned NOT NULL COMMENT 'Ссылка на статус (текущее состояние) отношений',
  `requested_at` datetime DEFAULT CURRENT_TIMESTAMP COMMENT 'Время отправления приглашения дружить',
  `confirmed_at` datetime DEFAULT NULL COMMENT 'Время подтверждения приглашения',
  `created_at` datetime DEFAULT CURRENT_TIMESTAMP COMMENT 'Время создания строки',
  `updated_at` datetime DEFAULT CURRENT_TIMESTAMP ON UPDATE CURRENT_TIMESTAMP COMMENT 'Время обновления строки',
  PRIMARY KEY (`user_id`,`friend_id`) COMMENT 'Составной первичный ключ'
) ENGINE=InnoDB DEFAULT CHARSET=utf8mb4 COLLATE=utf8mb4_0900_ai_ci COMMENT='Таблица дружбы';
/*!40101 SET character_set_client = @saved_cs_client */;

--
-- Dumping data for table `friendship`
--

LOCK TABLES `friendship` WRITE;
/*!40000 ALTER TABLE `friendship` DISABLE KEYS */;
INSERT INTO `friendship` VALUES (1,14,84,'2020-02-02 09:26:22','2020-02-06 19:19:02','2020-05-29 08:56:46','2019-11-06 05:11:49'),(1,39,50,'2019-09-17 16:59:33','2020-06-18 16:50:31','2020-06-01 08:30:32','2019-12-26 01:30:33'),(2,88,64,'2020-05-06 02:11:39','2019-12-18 00:39:46','2020-01-20 23:41:07','2020-01-11 22:19:47'),(3,3,28,'2020-02-23 16:24:03','2019-11-17 02:54:47','2019-11-01 20:24:41','2019-10-07 17:25:35'),(8,11,86,'2019-10-27 12:31:14','2020-01-11 05:28:29','2020-06-17 08:01:30','2020-06-15 16:32:04'),(8,70,58,'2019-12-08 01:42:04','2020-02-06 13:13:25','2020-06-07 15:13:42','2020-07-08 00:37:49'),(9,70,91,'2019-09-06 14:31:25','2020-07-21 23:49:59','2020-02-12 04:20:41','2020-03-06 13:22:30'),(12,85,36,'2020-05-09 00:17:11','2019-12-10 04:36:38','2020-05-23 20:27:10','2020-05-21 23:43:28'),(13,59,84,'2019-09-21 07:55:45','2019-10-07 03:16:02','2019-11-28 03:36:37','2019-12-06 17:01:05'),(15,30,26,'2020-05-04 07:15:30','2019-09-25 18:27:49','2020-01-08 12:35:44','2020-02-13 03:52:53'),(18,12,12,'2020-04-08 23:23:30','2020-05-14 06:08:00','2020-02-10 18:42:52','2020-03-16 01:05:24'),(18,34,26,'2020-07-09 23:21:53','2020-06-30 08:10:33','2019-08-30 01:00:17','2019-11-26 00:55:53'),(18,85,83,'2019-12-01 09:49:10','2019-12-18 23:14:41','2020-06-28 23:05:26','2020-02-03 01:42:03'),(19,67,64,'2019-11-21 00:08:47','2020-03-31 05:10:22','2019-09-15 13:51:06','2020-03-26 22:33:59'),(20,17,28,'2020-08-05 21:05:55','2019-09-09 06:13:19','2020-01-23 19:15:01','2019-09-16 23:20:56'),(20,76,47,'2020-04-15 12:36:05','2020-01-17 11:25:24','2019-11-17 12:52:43','2020-06-05 11:52:27'),(21,59,46,'2019-09-28 08:10:30','2020-01-04 03:25:20','2020-02-13 06:42:51','2020-04-10 08:53:51'),(22,10,77,'2019-11-08 09:10:00','2020-03-04 05:09:25','2020-03-30 05:42:25','2020-07-23 11:41:18'),(23,31,27,'2019-11-26 05:57:01','2020-07-18 02:07:45','2019-12-24 21:08:46','2020-04-16 06:02:10'),(24,47,37,'2019-12-12 01:37:07','2020-03-20 10:25:19','2020-06-24 14:40:21','2020-05-02 16:22:54'),(26,54,50,'2020-06-20 21:20:00','2020-07-01 22:54:21','2020-02-27 16:51:45','2019-12-27 20:48:39'),(26,81,30,'2020-01-10 06:39:54','2020-08-04 13:28:35','2020-06-17 04:05:26','2020-06-16 04:15:37'),(28,37,44,'2020-01-13 01:44:21','2020-05-28 08:10:16','2020-03-13 23:25:49','2019-09-06 08:54:55'),(28,59,35,'2020-07-17 07:22:17','2020-02-23 15:25:18','2019-11-13 16:49:02','2020-03-01 16:34:44'),(31,35,34,'2020-05-29 10:05:55','2019-09-20 16:03:57','2020-04-26 12:38:16','2020-08-15 21:50:05'),(32,10,98,'2019-09-07 01:29:14','2019-11-19 09:35:08','2019-12-12 12:25:51','2020-01-29 09:16:33'),(32,36,64,'2019-09-25 22:24:25','2020-03-25 17:53:53','2020-03-18 12:21:05','2019-12-29 11:25:34'),(34,36,27,'2020-07-28 04:46:13','2020-01-19 04:26:35','2019-11-28 21:45:26','2020-01-24 05:49:39'),(34,97,60,'2019-11-28 21:23:39','2019-11-22 12:33:07','2019-09-20 10:41:17','2019-11-22 11:02:09'),(36,32,94,'2020-05-04 10:44:31','2020-02-24 15:24:06','2020-02-10 22:53:02','2019-10-19 14:54:32'),(36,60,96,'2020-04-24 07:52:46','2020-03-24 12:51:13','2020-02-01 10:33:06','2020-05-09 23:24:14'),(36,90,49,'2019-08-28 03:31:40','2019-10-23 14:23:13','2019-10-06 04:08:54','2020-02-29 17:32:25'),(37,71,99,'2020-03-07 14:15:41','2020-06-01 17:24:47','2020-05-30 08:01:40','2019-12-20 12:50:26'),(37,98,9,'2019-11-30 17:53:04','2020-08-01 23:59:07','2020-07-30 07:40:11','2020-04-19 17:28:38'),(39,84,68,'2020-05-23 13:44:50','2020-02-18 09:49:59','2019-08-31 16:55:33','2020-07-19 06:40:46'),(40,26,99,'2020-01-07 18:31:03','2019-11-12 13:26:20','2020-08-13 20:59:08','2019-08-22 23:33:12'),(41,58,92,'2020-02-25 04:12:38','2020-08-06 07:16:18','2020-04-24 17:13:09','2020-07-13 05:07:39'),(42,40,27,'2020-04-13 04:27:20','2020-03-06 07:50:02','2019-09-29 20:40:49','2020-05-28 23:50:52'),(43,58,39,'2020-02-14 14:31:11','2019-11-17 01:38:48','2020-02-10 15:38:58','2020-06-10 21:57:41'),(44,46,23,'2019-09-05 04:10:32','2019-09-08 00:13:07','2020-04-28 13:48:38','2019-09-11 14:27:59'),(47,6,47,'2020-06-03 15:30:06','2020-05-23 19:54:42','2020-05-05 08:47:16','2019-09-27 11:18:28'),(47,63,44,'2019-09-02 12:11:46','2020-06-10 13:38:38','2020-08-13 12:15:15','2019-09-16 11:29:29'),(47,66,53,'2019-10-18 09:13:14','2019-10-01 16:22:44','2020-04-19 14:47:18','2020-07-05 23:01:51'),(48,73,45,'2020-04-17 12:36:25','2019-11-11 22:25:53','2020-03-16 18:47:20','2020-04-16 01:00:24'),(51,34,59,'2019-11-10 13:27:51','2020-02-21 06:58:55','2020-07-17 01:21:17','2020-04-18 07:10:22'),(52,58,77,'2020-04-09 21:32:19','2019-10-09 11:49:18','2020-08-14 10:58:38','2020-05-12 13:47:13'),(53,24,36,'2020-04-11 00:07:51','2020-07-25 17:49:27','2020-02-15 09:16:06','2020-01-08 08:10:36'),(54,3,96,'2020-04-16 19:02:37','2020-04-28 07:47:18','2020-05-16 11:42:38','2019-09-14 23:00:44'),(55,58,10,'2019-11-18 22:52:05','2020-03-03 19:33:19','2019-10-15 19:03:56','2020-01-12 18:49:30'),(56,43,69,'2020-08-08 17:26:40','2020-04-21 16:01:37','2020-08-17 17:48:36','2020-04-18 05:00:37'),(58,28,9,'2020-07-11 11:20:53','2020-05-04 04:21:38','2019-12-18 00:40:45','2020-01-18 22:25:20'),(58,33,51,'2020-01-13 06:40:33','2020-06-28 13:35:39','2020-05-09 00:07:07','2020-06-16 02:07:28'),(59,48,49,'2020-08-10 09:11:32','2020-08-19 11:24:39','2020-03-26 10:28:26','2019-11-06 13:16:12'),(60,65,43,'2019-12-19 00:16:05','2020-01-17 08:05:57','2020-03-24 15:31:55','2019-11-26 20:31:32'),(61,98,69,'2020-02-12 19:26:35','2019-12-01 00:04:36','2019-11-29 04:27:12','2019-11-09 23:36:55'),(62,2,35,'2019-12-21 01:02:10','2020-03-18 06:44:00','2020-04-10 04:45:27','2020-01-16 13:10:25'),(63,89,76,'2020-07-12 23:20:22','2020-03-12 00:41:11','2020-07-31 04:27:52','2019-11-18 05:21:11'),(66,27,85,'2019-09-29 03:18:25','2020-02-07 18:08:38','2020-06-22 12:36:55','2019-09-21 15:47:08'),(68,22,63,'2019-08-28 14:51:21','2020-06-26 23:19:45','2019-11-15 01:05:41','2020-06-15 03:50:16'),(68,56,68,'2020-08-16 21:31:54','2020-01-07 08:30:42','2019-12-03 08:04:13','2020-03-09 06:15:35'),(68,75,29,'2019-12-31 07:47:27','2020-04-04 21:41:06','2020-01-20 01:38:52','2020-01-08 06:14:15'),(68,77,89,'2020-04-25 22:18:47','2020-05-06 01:12:34','2020-02-17 05:32:29','2019-12-18 14:41:33'),(69,18,96,'2020-05-11 23:36:08','2019-09-08 17:46:06','2019-12-24 07:21:14','2020-06-12 04:38:08'),(69,26,55,'2020-05-29 12:17:43','2020-02-25 07:02:36','2020-01-07 06:59:57','2020-03-29 06:24:40'),(69,34,25,'2020-01-20 10:09:46','2020-03-26 16:58:34','2019-09-27 23:58:10','2020-02-24 03:39:00'),(70,50,27,'2019-10-06 10:44:24','2020-02-05 05:00:37','2020-07-24 15:45:07','2020-03-17 03:16:56'),(71,5,36,'2020-07-31 22:28:55','2020-04-18 02:08:08','2020-03-18 03:40:39','2020-02-03 16:49:07'),(71,86,46,'2020-08-04 14:52:00','2019-11-21 16:13:31','2020-08-08 21:32:42','2019-10-06 10:01:17'),(71,89,24,'2020-02-03 08:41:39','2019-11-21 05:08:08','2020-04-05 05:56:46','2019-11-19 17:00:04'),(72,75,69,'2020-02-11 07:07:08','2020-03-24 10:17:29','2019-09-30 19:05:12','2020-03-19 03:25:21'),(74,67,12,'2019-10-05 20:16:12','2019-11-08 09:35:19','2019-10-17 14:12:50','2019-08-24 09:05:39'),(76,91,100,'2020-08-09 11:51:10','2020-07-27 08:44:06','2019-12-27 19:24:18','2020-03-09 08:45:41'),(77,30,29,'2019-11-20 22:59:16','2019-12-12 07:04:50','2020-01-24 19:31:05','2020-04-28 03:27:51'),(78,62,37,'2020-06-25 22:14:53','2020-02-24 16:43:23','2020-06-06 19:09:04','2020-06-30 08:49:58'),(79,14,45,'2020-05-16 14:36:36','2020-04-16 00:08:51','2020-02-20 13:09:46','2019-12-17 22:59:24'),(81,47,56,'2020-02-10 15:03:18','2019-09-11 07:05:42','2020-02-02 21:45:28','2020-05-17 07:58:40'),(82,64,42,'2019-10-01 08:47:03','2019-10-11 08:11:03','2020-07-02 06:20:29','2020-08-01 10:08:25'),(83,82,57,'2020-06-14 07:24:26','2020-02-17 23:20:47','2020-06-28 09:04:19','2020-02-12 00:22:39'),(84,17,94,'2020-06-04 06:03:01','2020-02-14 10:59:12','2019-12-10 14:01:26','2020-01-16 15:23:47'),(84,89,92,'2019-09-24 00:15:35','2019-10-22 01:51:02','2019-08-31 19:29:29','2020-07-05 06:55:06'),(85,90,35,'2020-07-07 05:30:32','2020-03-11 04:05:50','2020-03-12 08:14:20','2020-07-30 09:03:18'),(86,28,1,'2020-02-19 05:56:04','2020-02-04 17:42:42','2019-08-24 12:21:34','2020-06-26 22:01:49'),(86,45,73,'2020-07-11 11:46:27','2020-08-11 13:52:32','2019-09-30 08:29:39','2019-09-29 05:32:26'),(87,54,64,'2020-04-13 17:52:51','2020-01-09 12:57:14','2020-02-07 03:31:14','2019-11-28 02:31:21'),(88,59,42,'2020-01-06 03:12:33','2020-02-14 11:32:05','2020-04-24 09:16:05','2020-02-10 19:33:46'),(93,28,11,'2019-12-27 08:20:21','2019-12-01 16:24:55','2020-06-19 10:11:25','2020-01-19 18:59:27'),(93,95,11,'2019-08-20 16:10:48','2019-11-18 00:44:27','2020-03-10 10:52:30','2020-05-03 00:25:04'),(94,5,76,'2019-11-18 14:39:44','2019-10-11 03:10:37','2020-07-16 01:35:13','2020-06-11 21:32:45'),(94,25,9,'2019-12-20 21:02:56','2020-06-02 02:09:15','2020-03-25 19:33:39','2020-06-15 04:49:46'),(94,50,66,'2019-11-05 20:51:41','2019-08-23 20:36:26','2020-06-11 10:53:57','2020-03-03 18:17:26'),(94,99,75,'2020-06-06 07:04:17','2020-08-05 18:03:04','2019-09-16 09:46:34','2019-12-29 11:48:55'),(95,39,43,'2019-11-13 22:56:19','2020-01-20 10:03:25','2020-05-05 07:32:57','2019-12-08 17:49:39'),(95,68,12,'2020-01-24 01:45:52','2020-01-15 18:20:13','2019-09-02 08:08:31','2019-11-25 10:08:01'),(96,97,9,'2020-04-21 03:24:26','2020-03-14 18:02:16','2020-06-17 19:34:12','2020-01-16 16:54:45'),(97,14,29,'2020-03-11 21:58:32','2020-06-14 06:53:41','2019-10-05 13:39:56','2020-05-25 04:12:25'),(97,74,23,'2020-05-28 16:46:44','2020-04-02 11:33:54','2020-04-03 02:19:39','2019-12-25 04:09:05'),(98,62,96,'2019-12-07 09:06:36','2020-01-14 10:28:50','2019-09-05 09:21:59','2020-02-25 02:48:59'),(98,90,62,'2020-01-29 19:52:22','2020-06-21 18:40:20','2019-09-18 23:46:30','2019-08-21 09:02:16'),(100,61,99,'2020-01-19 01:45:14','2019-10-26 23:39:59','2020-01-26 02:44:18','2020-03-26 15:08:57');
/*!40000 ALTER TABLE `friendship` ENABLE KEYS */;
UNLOCK TABLES;

--
-- Table structure for table `friendship_statuses`
--

DROP TABLE IF EXISTS `friendship_statuses`;
/*!40101 SET @saved_cs_client     = @@character_set_client */;
/*!50503 SET character_set_client = utf8mb4 */;
CREATE TABLE `friendship_statuses` (
  `id` int unsigned NOT NULL AUTO_INCREMENT COMMENT 'Идентификатор строки',
  `name` varchar(150) NOT NULL COMMENT 'Название статуса',
  `created_at` datetime DEFAULT CURRENT_TIMESTAMP COMMENT 'Время создания строки',
  `updated_at` datetime DEFAULT CURRENT_TIMESTAMP ON UPDATE CURRENT_TIMESTAMP COMMENT 'Время обновления строки',
  PRIMARY KEY (`id`),
  UNIQUE KEY `name` (`name`)
) ENGINE=InnoDB AUTO_INCREMENT=101 DEFAULT CHARSET=utf8mb4 COLLATE=utf8mb4_0900_ai_ci COMMENT='Статусы дружбы';
/*!40101 SET character_set_client = @saved_cs_client */;

--
-- Dumping data for table `friendship_statuses`
--

LOCK TABLES `friendship_statuses` WRITE;
/*!40000 ALTER TABLE `friendship_statuses` DISABLE KEYS */;
INSERT INTO `friendship_statuses` VALUES (1,'debitis','2020-08-01 04:29:04','2020-01-11 16:48:32'),(2,'voluptatem','2020-03-07 17:56:40','2020-02-07 21:46:47'),(3,'sint','2020-01-14 06:53:55','2020-06-24 10:09:50'),(4,'odio','2020-01-02 19:21:47','2020-02-09 15:44:55'),(5,'dolor','2020-05-31 06:02:47','2019-09-14 16:41:26'),(6,'ad','2020-04-26 01:22:37','2020-05-23 03:42:37'),(7,'amet','2019-11-07 10:39:25','2020-04-28 00:07:22'),(8,'aperiam','2019-12-27 07:22:28','2020-06-06 11:44:14'),(9,'repellendus','2020-03-28 01:33:57','2019-09-06 21:36:47'),(10,'aliquam','2020-07-22 12:00:37','2020-08-13 01:43:02'),(11,'eaque','2020-06-25 09:06:26','2020-01-12 16:05:48'),(12,'est','2020-01-20 22:34:31','2020-05-25 16:27:46'),(13,'minima','2019-10-02 10:08:27','2019-09-01 05:10:15'),(14,'fuga','2020-05-04 02:09:49','2019-10-04 16:39:37'),(15,'pariatur','2020-06-19 20:50:36','2019-09-06 02:44:06'),(16,'aut','2019-11-06 06:30:44','2020-03-18 11:37:46'),(17,'explicabo','2019-10-09 17:00:58','2019-12-02 23:53:01'),(18,'ex','2020-03-16 15:35:30','2019-10-18 08:10:32'),(19,'aspernatur','2020-05-12 08:02:56','2019-10-14 22:25:48'),(20,'ut','2019-09-15 15:21:54','2020-07-03 14:08:23'),(21,'rem','2019-12-23 20:58:43','2019-12-25 12:18:36'),(22,'illum','2019-09-24 10:05:11','2020-01-03 14:35:39'),(23,'repellat','2020-05-23 17:27:02','2019-10-23 17:13:40'),(24,'nihil','2020-04-16 15:29:26','2020-05-31 04:46:12'),(25,'quis','2020-02-05 06:35:53','2020-04-28 01:51:58'),(26,'magnam','2019-10-14 10:34:55','2019-12-07 14:35:49'),(27,'accusamus','2020-01-28 13:33:30','2020-05-18 12:10:09'),(28,'facere','2020-02-16 14:29:04','2020-06-15 13:36:45'),(29,'dolores','2020-01-17 07:20:12','2020-01-28 19:31:34'),(30,'deserunt','2020-06-19 19:05:48','2020-04-19 09:30:01'),(31,'sit','2019-12-11 05:57:55','2019-11-23 19:42:22'),(32,'quo','2019-12-18 15:13:11','2020-01-29 07:06:58'),(33,'et','2020-02-09 06:47:29','2020-01-03 17:22:19'),(34,'tempora','2020-07-24 06:05:22','2019-09-13 14:02:50'),(35,'consectetur','2020-02-21 22:18:27','2019-12-10 16:39:05'),(36,'corrupti','2020-04-05 23:27:07','2020-03-03 09:24:45'),(37,'optio','2020-06-29 07:08:16','2019-10-03 06:48:09'),(38,'nobis','2020-08-16 08:09:01','2019-11-10 07:42:49'),(39,'ea','2020-06-15 22:26:45','2020-01-06 03:15:40'),(40,'qui','2019-11-06 21:27:49','2020-06-26 19:54:30'),(41,'ipsa','2020-01-07 06:48:19','2019-11-22 19:02:15'),(42,'animi','2019-12-07 21:56:08','2019-12-14 08:49:00'),(43,'nemo','2020-02-12 15:14:52','2019-10-11 20:20:49'),(44,'molestias','2020-04-24 17:54:28','2020-05-18 13:34:18'),(45,'cupiditate','2020-01-07 08:42:19','2019-10-23 12:28:13'),(46,'rerum','2019-12-27 14:02:07','2020-06-05 11:20:52'),(47,'facilis','2019-10-11 09:49:10','2019-09-02 11:12:58'),(48,'eligendi','2020-02-11 23:51:14','2019-12-09 07:48:05'),(49,'laborum','2020-03-09 23:29:26','2019-11-01 15:39:14'),(50,'voluptate','2020-04-21 12:06:10','2020-03-10 11:00:23'),(51,'saepe','2019-09-14 19:45:27','2020-04-24 19:48:46'),(52,'laudantium','2019-10-30 08:32:05','2020-01-19 17:28:36'),(53,'a','2019-12-17 19:17:31','2020-04-14 09:14:09'),(54,'vel','2020-03-13 13:11:51','2019-11-26 13:29:09'),(55,'perspiciatis','2020-02-01 08:58:49','2019-12-07 14:28:01'),(56,'porro','2020-08-19 10:19:42','2020-03-13 08:55:28'),(57,'error','2020-05-20 16:44:13','2020-07-14 09:10:38'),(58,'autem','2020-01-27 17:12:00','2019-08-25 05:04:46'),(59,'voluptatibus','2020-05-06 08:34:22','2019-11-28 00:44:50'),(60,'libero','2020-06-13 01:24:50','2019-10-29 16:34:50'),(61,'soluta','2020-06-23 01:36:52','2019-09-29 07:57:51'),(62,'eos','2019-10-02 15:57:32','2020-02-28 01:35:02'),(63,'hic','2019-11-02 04:29:00','2019-08-27 08:32:04'),(64,'sed','2020-03-17 10:13:14','2020-05-22 04:09:35'),(65,'unde','2020-03-21 03:57:31','2019-09-26 04:56:53'),(66,'velit','2020-01-07 23:44:18','2020-06-23 02:26:18'),(67,'consequuntur','2020-01-22 23:58:09','2019-10-09 13:39:49'),(68,'adipisci','2020-02-24 02:17:24','2020-03-25 16:43:50'),(69,'id','2019-10-25 13:46:35','2020-03-19 02:57:06'),(70,'eius','2020-08-05 21:38:52','2020-05-23 16:11:24'),(71,'tenetur','2019-08-21 07:12:24','2020-02-13 14:00:44'),(72,'enim','2020-02-24 00:02:57','2019-11-21 10:26:46'),(73,'repudiandae','2019-09-19 00:02:43','2020-01-20 06:59:30'),(74,'at','2019-09-10 11:48:15','2019-10-03 18:38:38'),(75,'corporis','2019-11-23 09:55:03','2020-02-07 00:56:51'),(76,'quia','2020-06-18 23:09:36','2020-07-09 06:49:41'),(77,'alias','2019-10-24 20:39:59','2020-04-02 18:25:45'),(78,'ab','2020-04-17 09:32:17','2019-12-20 19:52:04'),(79,'omnis','2020-05-23 13:59:04','2019-09-17 20:13:04'),(80,'praesentium','2020-05-21 09:15:20','2019-11-10 18:01:28'),(81,'vitae','2020-03-22 07:41:14','2020-01-14 11:33:59'),(82,'veritatis','2019-12-31 14:22:50','2019-10-17 02:47:43'),(83,'assumenda','2020-05-14 16:06:42','2020-05-23 08:51:44'),(84,'quas','2019-10-23 09:39:52','2019-12-02 05:59:10'),(85,'illo','2020-01-08 08:37:03','2020-06-26 07:33:56'),(86,'non','2020-02-02 22:18:19','2020-03-28 07:16:23'),(87,'voluptates','2019-11-23 03:06:48','2020-06-23 06:30:03'),(88,'similique','2020-04-10 11:24:06','2020-02-23 17:26:32'),(89,'labore','2020-01-24 10:06:39','2020-04-29 23:44:26'),(90,'occaecati','2020-08-02 06:48:33','2020-02-10 05:34:17'),(91,'molestiae','2020-02-01 22:06:20','2019-10-02 00:50:29'),(92,'dolorem','2019-11-30 20:11:15','2020-03-07 17:54:32'),(93,'maiores','2020-04-29 13:38:05','2020-08-07 13:38:50'),(94,'quae','2020-05-05 01:40:29','2019-10-17 21:12:25'),(95,'iusto','2019-12-22 17:50:29','2020-08-07 06:08:47'),(96,'excepturi','2019-10-26 17:30:20','2019-09-25 10:42:50'),(97,'dolore','2020-01-01 16:18:27','2020-06-16 18:12:10'),(98,'natus','2020-06-25 13:32:12','2020-05-17 22:12:23'),(99,'reiciendis','2020-07-23 09:37:37','2020-04-25 00:11:54'),(100,'expedita','2020-03-23 12:50:44','2020-05-30 08:08:09');
/*!40000 ALTER TABLE `friendship_statuses` ENABLE KEYS */;
UNLOCK TABLES;

--
-- Table structure for table `media`
--

DROP TABLE IF EXISTS `media`;
/*!40101 SET @saved_cs_client     = @@character_set_client */;
/*!50503 SET character_set_client = utf8mb4 */;
CREATE TABLE `media` (
  `id` int unsigned NOT NULL AUTO_INCREMENT COMMENT 'Идентификатор строки',
  `user_id` int unsigned NOT NULL COMMENT 'Ссылка на пользователя, который загрузил файл',
  `filename` varchar(255) NOT NULL COMMENT 'Путь к файлу',
  `size` int NOT NULL COMMENT 'Размер файла',
  `metadata` json DEFAULT NULL COMMENT 'Метаданные файла',
  `media_type_id` int unsigned NOT NULL COMMENT 'Ссылка на тип контента',
  `created_at` datetime DEFAULT CURRENT_TIMESTAMP COMMENT 'Время создания строки',
  `updated_at` datetime DEFAULT CURRENT_TIMESTAMP ON UPDATE CURRENT_TIMESTAMP COMMENT 'Время обновления строки',
  PRIMARY KEY (`id`)
) ENGINE=InnoDB AUTO_INCREMENT=101 DEFAULT CHARSET=utf8mb4 COLLATE=utf8mb4_0900_ai_ci COMMENT='Медиафайлы';
/*!40101 SET character_set_client = @saved_cs_client */;

--
-- Dumping data for table `media`
--

LOCK TABLES `media` WRITE;
/*!40000 ALTER TABLE `media` DISABLE KEYS */;
INSERT INTO `media` VALUES (1,77,'quis',11,NULL,83,'2019-09-20 15:55:25','2020-05-11 14:27:51'),(2,75,'qui',1,NULL,33,'2020-03-16 07:08:43','2020-03-05 22:22:11'),(3,94,'quibusdam',74316,NULL,56,'2019-12-11 18:19:32','2020-04-09 07:08:12'),(4,36,'possimus',82,NULL,31,'2020-08-10 19:10:01','2020-07-02 05:05:57'),(5,5,'non',8,NULL,81,'2020-03-18 04:54:04','2020-04-30 08:20:59'),(6,31,'exercitationem',2,NULL,38,'2020-04-24 06:55:23','2019-09-17 17:51:47'),(7,28,'neque',75764091,NULL,36,'2019-08-21 14:39:31','2019-11-18 08:09:13'),(8,20,'temporibus',53,NULL,28,'2020-03-09 13:12:53','2019-12-20 07:13:19'),(9,71,'quibusdam',48979500,NULL,64,'2020-05-19 16:09:29','2019-08-31 20:26:45'),(10,34,'culpa',903480541,NULL,7,'2020-01-06 18:07:35','2020-03-01 13:05:10'),(11,15,'et',176873,NULL,52,'2020-06-11 23:19:38','2019-08-31 17:47:52'),(12,73,'nisi',11,NULL,74,'2019-08-29 17:00:32','2020-01-12 13:25:58'),(13,14,'autem',93169159,NULL,60,'2019-09-11 17:22:10','2020-05-08 02:31:07'),(14,17,'explicabo',30,NULL,91,'2019-09-09 01:56:34','2020-07-11 22:02:38'),(15,53,'quasi',46790835,NULL,78,'2020-06-03 16:04:34','2019-09-11 00:39:00'),(16,32,'tenetur',6686,NULL,29,'2020-07-14 08:34:02','2019-09-29 18:15:28'),(17,60,'totam',7940490,NULL,6,'2020-06-23 18:54:49','2019-09-25 23:19:26'),(18,61,'est',235,NULL,54,'2019-09-11 11:39:27','2020-04-01 06:14:20'),(19,61,'nemo',0,NULL,97,'2019-12-29 07:11:14','2019-10-15 00:54:10'),(20,84,'maiores',1076,NULL,66,'2020-08-15 03:48:11','2020-05-08 07:01:46'),(21,77,'quia',0,NULL,15,'2019-11-06 14:50:21','2020-04-25 08:15:12'),(22,4,'placeat',8562,NULL,5,'2019-09-21 03:58:50','2020-03-08 01:59:01'),(23,50,'voluptates',729,NULL,23,'2020-04-09 02:25:21','2020-08-18 18:33:35'),(24,32,'iusto',2973,NULL,21,'2020-07-07 15:01:11','2020-08-07 04:46:08'),(25,86,'illum',55481163,NULL,65,'2020-01-31 22:59:11','2020-05-31 16:00:23'),(26,27,'in',835,NULL,1,'2020-06-06 02:29:02','2019-12-11 20:52:31'),(27,17,'atque',8,NULL,100,'2020-07-19 16:47:23','2020-04-30 17:59:03'),(28,74,'quis',0,NULL,30,'2020-01-04 07:14:40','2019-11-28 09:09:23'),(29,59,'quam',6895,NULL,90,'2019-11-26 04:38:21','2019-12-23 18:20:42'),(30,20,'autem',9,NULL,11,'2020-04-14 04:53:01','2020-02-21 10:01:13'),(31,67,'repudiandae',2,NULL,51,'2020-08-18 11:48:47','2019-09-04 07:04:04'),(32,40,'eos',6,NULL,27,'2019-09-28 07:12:31','2020-06-18 11:50:40'),(33,57,'dolorem',330815829,NULL,100,'2020-05-18 20:16:22','2019-09-19 10:03:48'),(34,81,'est',47324,NULL,18,'2020-05-24 12:16:49','2019-10-13 18:46:01'),(35,96,'qui',43686593,NULL,64,'2019-09-25 22:31:13','2019-11-26 07:11:39'),(36,84,'unde',4828428,NULL,73,'2020-05-01 19:07:34','2020-08-19 05:46:14'),(37,79,'necessitatibus',26161431,NULL,87,'2020-03-03 15:18:56','2019-10-18 10:43:59'),(38,77,'sed',177733,NULL,29,'2019-11-06 15:12:50','2020-05-28 00:16:25'),(39,9,'sequi',89610263,NULL,9,'2020-04-10 18:50:34','2019-09-13 10:01:10'),(40,49,'quisquam',30657039,NULL,95,'2020-06-25 18:47:10','2020-04-08 21:54:42'),(41,74,'quod',53,NULL,75,'2019-12-31 16:12:48','2019-10-09 06:35:31'),(42,95,'corporis',489359,NULL,90,'2020-04-15 02:56:17','2019-10-01 22:33:38'),(43,74,'et',33,NULL,68,'2020-07-21 05:34:23','2020-02-13 04:35:08'),(44,19,'enim',0,NULL,33,'2020-04-15 20:39:01','2020-02-06 10:42:47'),(45,58,'dolorum',40,NULL,39,'2020-07-07 20:06:14','2020-01-21 10:15:03'),(46,43,'enim',9,NULL,25,'2020-03-17 08:58:42','2020-02-07 00:16:48'),(47,90,'aliquam',573,NULL,83,'2019-12-18 13:26:12','2020-01-01 10:08:18'),(48,51,'explicabo',0,NULL,47,'2020-02-20 22:07:42','2019-10-07 15:22:56'),(49,82,'in',5125,NULL,31,'2020-01-03 03:10:15','2019-10-03 23:59:43'),(50,65,'amet',387773246,NULL,78,'2020-06-09 21:19:05','2020-05-07 20:07:05'),(51,95,'dolorem',66084,NULL,48,'2020-05-21 09:43:16','2020-03-12 10:00:41'),(52,51,'sit',274,NULL,74,'2020-08-18 17:04:39','2019-10-10 17:35:57'),(53,35,'totam',531,NULL,28,'2019-12-06 03:57:53','2019-09-19 21:23:39'),(54,2,'autem',1,NULL,43,'2020-05-28 08:43:21','2020-08-19 08:47:15'),(55,36,'nihil',98737714,NULL,50,'2020-02-16 04:51:36','2020-08-03 00:47:46'),(56,38,'id',5,NULL,9,'2020-02-17 00:38:44','2020-07-22 05:17:17'),(57,25,'nulla',53983586,NULL,33,'2020-05-22 02:08:18','2020-04-18 12:10:56'),(58,98,'labore',60545512,NULL,99,'2019-11-11 10:29:06','2019-11-21 21:21:54'),(59,100,'voluptatem',322030,NULL,17,'2020-02-12 07:52:16','2020-03-27 23:29:19'),(60,31,'molestiae',1837127,NULL,58,'2020-07-07 12:46:24','2019-12-05 09:55:19'),(61,56,'inventore',676202,NULL,74,'2020-08-08 13:31:55','2019-11-19 06:27:51'),(62,83,'et',473,NULL,46,'2020-02-24 16:04:18','2020-07-16 06:08:24'),(63,56,'velit',77833922,NULL,33,'2019-08-22 21:26:57','2019-08-26 02:03:19'),(64,92,'nostrum',7,NULL,38,'2020-05-22 17:15:04','2019-08-29 15:21:10'),(65,64,'enim',5,NULL,56,'2020-01-30 19:08:48','2020-08-17 22:40:01'),(66,16,'ullam',23786,NULL,59,'2020-08-17 07:33:01','2020-01-13 17:01:54'),(67,4,'qui',22554,NULL,66,'2020-07-24 06:33:16','2019-09-04 00:08:08'),(68,33,'tempore',5,NULL,38,'2020-01-11 01:05:41','2020-04-29 05:35:56'),(69,93,'earum',108,NULL,34,'2019-10-15 21:42:33','2020-03-26 12:59:58'),(70,81,'soluta',2101,NULL,29,'2019-12-29 23:54:19','2019-09-26 09:31:42'),(71,84,'distinctio',337936564,NULL,18,'2020-02-14 04:32:13','2019-12-08 07:07:40'),(72,38,'et',4355,NULL,8,'2020-03-16 16:18:32','2020-05-29 12:46:14'),(73,50,'enim',0,NULL,35,'2020-06-21 01:18:04','2020-04-21 03:17:59'),(74,7,'id',86377,NULL,50,'2020-03-30 13:07:30','2020-05-25 12:15:52'),(75,52,'voluptatem',4013412,NULL,37,'2020-02-18 03:03:18','2020-06-21 13:22:36'),(76,8,'recusandae',8711743,NULL,8,'2020-02-23 20:55:27','2019-09-03 00:05:44'),(77,11,'ipsum',1892,NULL,90,'2020-04-12 04:47:02','2019-09-18 18:05:12'),(78,53,'culpa',81861659,NULL,67,'2020-02-24 17:52:39','2020-06-03 19:17:04'),(79,23,'eius',0,NULL,44,'2019-10-08 05:33:02','2020-06-12 23:42:17'),(80,4,'necessitatibus',7267763,NULL,87,'2019-11-29 02:24:40','2020-07-20 14:07:32'),(81,100,'qui',14835,NULL,19,'2020-05-30 09:59:50','2019-09-03 15:47:47'),(82,46,'at',5,NULL,3,'2019-10-02 20:35:37','2020-05-07 13:29:51'),(83,85,'rerum',645868,NULL,78,'2019-10-16 02:54:15','2020-04-05 03:20:23'),(84,41,'perferendis',6539,NULL,78,'2020-06-18 03:20:20','2020-03-02 20:47:48'),(85,12,'aliquam',3815589,NULL,21,'2020-06-28 22:00:13','2020-06-05 01:08:25'),(86,6,'ullam',73,NULL,95,'2020-01-15 15:51:04','2020-04-26 04:38:41'),(87,39,'vel',201404,NULL,43,'2019-09-01 15:37:12','2019-09-10 21:46:17'),(88,3,'et',10237375,NULL,88,'2020-05-01 20:54:56','2019-08-27 12:58:44'),(89,78,'aliquam',314,NULL,9,'2020-02-07 01:26:00','2019-12-03 05:17:56'),(90,38,'aut',0,NULL,30,'2020-06-21 10:03:58','2020-02-16 13:35:08'),(91,46,'praesentium',66,NULL,46,'2020-01-14 03:03:45','2020-02-16 07:16:35'),(92,37,'dolores',9,NULL,56,'2020-02-23 09:14:07','2019-10-06 23:07:43'),(93,35,'ea',3270,NULL,90,'2020-03-31 06:29:38','2020-02-01 05:09:59'),(94,22,'quo',48,NULL,57,'2020-02-27 23:31:13','2020-02-25 02:20:26'),(95,34,'nemo',34763718,NULL,26,'2020-04-23 17:50:52','2020-04-15 01:30:00'),(96,44,'et',4,NULL,33,'2019-10-07 14:25:13','2020-06-20 14:05:17'),(97,45,'est',89370822,NULL,89,'2020-07-02 03:54:08','2020-06-01 17:34:40'),(98,36,'aut',264939447,NULL,29,'2020-04-27 19:41:30','2020-06-06 13:03:05'),(99,67,'libero',976808605,NULL,76,'2020-02-20 05:06:49','2020-03-08 07:55:58'),(100,6,'nihil',299498616,NULL,78,'2020-08-14 17:32:08','2020-02-15 17:35:11');
/*!40000 ALTER TABLE `media` ENABLE KEYS */;
UNLOCK TABLES;

--
-- Table structure for table `media_types`
--

DROP TABLE IF EXISTS `media_types`;
/*!40101 SET @saved_cs_client     = @@character_set_client */;
/*!50503 SET character_set_client = utf8mb4 */;
CREATE TABLE `media_types` (
  `id` int unsigned NOT NULL AUTO_INCREMENT COMMENT 'Идентификатор строки',
  `name` varchar(255) NOT NULL COMMENT 'Название типа',
  `created_at` datetime DEFAULT CURRENT_TIMESTAMP COMMENT 'Время создания строки',
  `updated_at` datetime DEFAULT CURRENT_TIMESTAMP ON UPDATE CURRENT_TIMESTAMP COMMENT 'Время обновления строки',
  PRIMARY KEY (`id`),
  UNIQUE KEY `name` (`name`)
) ENGINE=InnoDB AUTO_INCREMENT=101 DEFAULT CHARSET=utf8mb4 COLLATE=utf8mb4_0900_ai_ci COMMENT='Типы медиафайлов';
/*!40101 SET character_set_client = @saved_cs_client */;

--
-- Dumping data for table `media_types`
--

LOCK TABLES `media_types` WRITE;
/*!40000 ALTER TABLE `media_types` DISABLE KEYS */;
INSERT INTO `media_types` VALUES (1,'molestiae','2020-02-23 17:09:24','2019-11-28 01:22:20'),(2,'odio','2020-05-20 21:16:50','2019-12-28 05:20:45'),(3,'quia','2020-06-27 22:29:46','2019-12-27 01:27:43'),(4,'rerum','2020-07-16 13:56:25','2019-12-21 08:24:53'),(5,'consequatur','2020-06-09 20:01:56','2020-06-01 11:51:20'),(6,'inventore','2020-07-09 05:27:07','2019-12-25 03:29:11'),(7,'minus','2019-12-21 13:01:35','2019-11-20 20:59:51'),(8,'architecto','2020-08-16 22:01:16','2020-02-19 02:15:35'),(9,'nihil','2020-01-04 12:16:43','2020-03-20 18:12:19'),(10,'fugit','2020-01-03 02:44:31','2020-07-09 22:42:44'),(11,'animi','2019-10-10 10:52:45','2019-12-11 10:20:29'),(12,'doloremque','2020-06-16 01:56:01','2020-07-09 09:51:35'),(13,'facere','2020-05-14 18:04:08','2020-08-03 23:07:05'),(14,'nemo','2019-10-19 14:05:10','2020-02-25 17:37:03'),(15,'excepturi','2020-04-18 07:11:03','2020-01-10 22:17:57'),(16,'provident','2020-01-31 02:38:49','2020-03-01 06:20:52'),(17,'repellat','2020-03-15 08:38:22','2019-09-09 22:09:01'),(18,'non','2020-02-19 11:34:06','2019-08-31 17:36:21'),(19,'doloribus','2020-03-26 02:45:00','2020-01-08 17:52:51'),(20,'vero','2020-06-08 08:16:18','2020-01-07 09:09:28'),(21,'hic','2020-06-28 08:54:40','2020-02-15 00:18:35'),(22,'qui','2020-06-14 17:55:43','2019-09-05 19:16:10'),(23,'cumque','2019-12-05 08:50:55','2019-09-11 04:47:34'),(24,'eum','2019-08-29 00:19:29','2020-02-12 04:43:00'),(25,'voluptas','2019-12-05 00:41:28','2020-05-02 11:28:47'),(26,'totam','2019-11-28 15:19:46','2020-04-21 12:38:44'),(27,'commodi','2020-01-12 17:21:37','2020-02-13 16:29:48'),(28,'officia','2020-06-09 22:16:17','2020-07-04 22:53:50'),(29,'distinctio','2019-11-25 05:40:20','2020-03-02 21:24:28'),(30,'beatae','2019-09-27 21:03:09','2020-01-30 01:30:52'),(31,'itaque','2020-01-11 18:09:16','2020-02-21 01:40:22'),(32,'culpa','2020-04-05 14:29:24','2020-06-23 16:50:22'),(33,'atque','2020-05-20 20:51:29','2020-06-30 09:19:57'),(34,'pariatur','2020-03-08 11:39:50','2019-09-17 04:25:11'),(35,'similique','2019-11-15 05:38:08','2020-07-22 23:06:38'),(36,'ipsa','2019-12-06 13:04:42','2020-05-09 08:01:30'),(37,'sunt','2019-12-10 12:40:27','2020-02-19 02:45:22'),(38,'amet','2020-07-29 10:14:26','2020-07-02 07:33:45'),(39,'reiciendis','2020-06-17 23:35:02','2020-04-16 21:56:25'),(40,'rem','2020-01-01 03:15:28','2019-12-01 04:39:56'),(41,'et','2020-04-29 14:08:50','2020-05-07 17:05:43'),(42,'id','2020-06-03 15:56:02','2020-08-11 02:12:08'),(43,'corrupti','2020-01-20 13:10:04','2019-12-31 15:35:56'),(44,'perferendis','2020-04-23 06:11:32','2020-04-16 07:08:44'),(45,'sit','2020-07-30 21:01:13','2019-11-12 03:20:00'),(46,'voluptates','2020-02-24 08:11:50','2019-11-25 03:58:26'),(47,'tempore','2020-01-27 11:33:56','2019-12-14 11:03:54'),(48,'sequi','2020-04-07 15:45:15','2020-01-23 17:25:39'),(49,'quo','2020-08-05 00:33:59','2020-08-14 14:33:33'),(50,'quis','2020-06-13 17:31:56','2019-08-27 03:47:40'),(51,'voluptate','2020-01-28 00:59:03','2020-08-10 23:53:39'),(52,'deserunt','2020-01-11 11:23:07','2020-02-17 00:44:40'),(53,'eaque','2020-04-27 09:18:49','2019-10-20 06:12:55'),(54,'omnis','2020-02-27 00:41:53','2020-03-25 03:36:17'),(55,'ea','2020-03-12 01:10:19','2019-11-01 22:42:03'),(56,'error','2019-12-04 22:08:54','2020-01-10 16:49:27'),(57,'voluptatem','2020-01-20 18:42:34','2020-08-04 09:41:53'),(58,'a','2019-12-03 09:40:27','2019-11-18 14:04:57'),(59,'earum','2020-04-22 22:53:50','2019-12-18 13:21:05'),(60,'quidem','2019-09-01 05:12:57','2020-04-24 10:36:33'),(61,'eius','2019-09-28 16:45:22','2020-01-20 19:00:14'),(62,'aut','2020-01-14 01:45:15','2020-03-03 13:52:43'),(63,'possimus','2019-10-03 17:00:19','2019-11-01 02:28:24'),(64,'reprehenderit','2020-07-30 06:54:55','2019-12-25 00:27:26'),(65,'ut','2019-11-13 20:17:41','2020-02-06 10:49:23'),(66,'alias','2020-01-03 16:53:32','2020-02-27 07:13:49'),(67,'sed','2020-04-01 18:00:41','2019-09-11 18:32:00'),(68,'quas','2019-10-06 20:23:52','2020-01-01 02:56:05'),(69,'exercitationem','2020-03-24 20:27:38','2019-10-04 01:38:15'),(70,'molestias','2019-11-18 00:31:28','2020-05-04 10:57:45'),(71,'voluptatum','2020-03-03 23:14:54','2020-07-26 02:50:51'),(72,'est','2019-08-31 02:30:34','2019-10-11 23:48:01'),(73,'autem','2019-11-13 04:20:19','2019-09-26 19:06:33'),(74,'in','2020-01-12 23:23:22','2020-01-06 02:10:29'),(75,'eos','2019-09-19 12:35:05','2020-04-07 21:23:41'),(76,'enim','2020-05-23 12:04:35','2020-04-15 00:26:24'),(77,'ipsum','2019-11-18 13:38:53','2020-02-24 03:21:24'),(78,'nobis','2020-03-14 21:03:36','2019-12-26 11:40:05'),(79,'dolor','2019-11-06 22:26:22','2019-10-09 14:21:52'),(80,'expedita','2019-11-10 00:40:49','2020-01-03 12:06:59'),(81,'quos','2020-03-30 06:47:56','2020-07-05 20:44:44'),(82,'repellendus','2020-03-29 07:47:39','2019-10-19 02:54:31'),(83,'veritatis','2019-11-01 12:38:59','2020-06-23 01:46:49'),(84,'corporis','2019-10-02 03:00:51','2020-06-14 20:57:30'),(85,'deleniti','2020-02-05 05:53:35','2020-06-11 23:41:57'),(86,'temporibus','2020-05-03 04:35:37','2020-02-02 23:21:09'),(87,'nam','2019-12-16 17:40:58','2020-05-14 23:07:23'),(88,'maiores','2019-11-13 07:14:14','2019-09-01 09:13:23'),(89,'velit','2019-10-15 19:43:04','2020-02-04 07:25:34'),(90,'necessitatibus','2020-02-24 12:34:08','2019-10-09 02:30:02'),(91,'saepe','2019-09-12 14:40:13','2019-12-28 11:32:38'),(92,'laboriosam','2020-05-30 02:44:52','2020-07-09 07:16:52'),(93,'ducimus','2019-12-09 20:27:30','2020-01-08 15:35:39'),(94,'officiis','2019-10-02 19:32:48','2020-01-13 05:48:24'),(95,'impedit','2020-03-23 16:11:47','2020-01-03 02:37:36'),(96,'laudantium','2020-01-20 02:26:01','2019-09-01 15:58:52'),(97,'ad','2019-11-23 13:34:53','2019-08-22 03:53:49'),(98,'aperiam','2020-06-22 03:44:41','2020-05-09 04:39:05'),(99,'veniam','2020-08-15 19:17:02','2019-09-21 04:23:52'),(100,'nisi','2020-03-20 18:02:57','2019-08-21 16:31:57');
/*!40000 ALTER TABLE `media_types` ENABLE KEYS */;
UNLOCK TABLES;

--
-- Table structure for table `messages`
--

DROP TABLE IF EXISTS `messages`;
/*!40101 SET @saved_cs_client     = @@character_set_client */;
/*!50503 SET character_set_client = utf8mb4 */;
CREATE TABLE `messages` (
  `id` int unsigned NOT NULL AUTO_INCREMENT COMMENT 'Идентификатор строки',
  `from_user_id` int unsigned NOT NULL COMMENT 'Ссылка на отправителя сообщения',
  `to_user_id` int unsigned NOT NULL COMMENT 'Ссылка на получателя сообщения',
  `body` text NOT NULL COMMENT 'Текст сообщения',
  `is_important` tinyint(1) DEFAULT NULL COMMENT 'Признак важности',
  `is_delivered` tinyint(1) DEFAULT NULL COMMENT 'Признак доставки',
  `created_at` datetime DEFAULT CURRENT_TIMESTAMP COMMENT 'Время создания строки',
  `updated_at` datetime DEFAULT CURRENT_TIMESTAMP ON UPDATE CURRENT_TIMESTAMP COMMENT 'Время обновления строки',
  PRIMARY KEY (`id`)
) ENGINE=InnoDB AUTO_INCREMENT=101 DEFAULT CHARSET=utf8mb4 COLLATE=utf8mb4_0900_ai_ci COMMENT='Сообщения';
/*!40101 SET character_set_client = @saved_cs_client */;

--
-- Dumping data for table `messages`
--

LOCK TABLES `messages` WRITE;
/*!40000 ALTER TABLE `messages` DISABLE KEYS */;
INSERT INTO `messages` VALUES (1,17,21,'Laudantium id aut velit labore enim nobis laborum. Quo consequatur autem nostrum magni repudiandae vero. Nihil numquam ipsum suscipit voluptatibus nam quas. Et sed sunt rerum eos quo excepturi nisi.',1,0,'2020-05-19 01:34:49','2019-11-04 19:56:17'),(2,37,65,'Et ut deserunt aliquid molestiae fugiat. Ea corporis perferendis est quod enim. Maiores vel quasi praesentium qui voluptates eius. Impedit nemo eaque nobis dolores qui autem.',0,1,'2020-06-01 02:26:05','2019-11-02 18:32:15'),(3,11,66,'At et fugit rerum assumenda ut id beatae voluptas. Atque est maxime impedit sed aut corporis magnam. Asperiores enim rerum quia occaecati. Sit consequatur dolores cupiditate quia.',1,0,'2020-01-27 19:04:35','2019-12-17 22:34:13'),(4,65,61,'Est cupiditate aut non rerum aspernatur. Blanditiis consequuntur temporibus minus facere repellendus dolore aut. Voluptatum iste dolor sed consequatur facere.',1,1,'2019-11-07 00:27:32','2020-08-17 18:59:09'),(5,46,48,'Sequi molestiae facilis natus voluptatem. Est quasi nobis incidunt deserunt dignissimos officia quidem. Ex tempore hic et repellat vel ipsa. Cum eligendi est aut nulla.',1,0,'2020-03-07 15:10:47','2020-05-11 02:23:32'),(6,99,61,'Neque quaerat qui magni aut ex velit eos. Quis saepe quia quas nobis asperiores quibusdam. Possimus laborum autem a rem ut nam. Laborum repudiandae libero sint minima quisquam.',1,0,'2020-07-13 20:13:43','2020-05-13 11:44:01'),(7,94,60,'Magni aliquam rerum sapiente aut vitae vel. Beatae officiis voluptatem blanditiis saepe soluta quo. Nostrum officiis dolorem quis delectus quia tenetur.',0,0,'2020-08-01 21:05:09','2020-08-10 12:00:10'),(8,100,55,'Et ut laudantium quasi ipsam libero consequatur reprehenderit. Perferendis aspernatur et incidunt fugit omnis tenetur ut. Aut accusantium accusantium pariatur debitis illo sapiente voluptas rerum. Ab rerum nam deleniti est dolorem perspiciatis.',0,1,'2019-08-31 09:57:51','2019-12-12 07:17:08'),(9,34,82,'Fugit sit in sint aut explicabo maiores dolore eos. Recusandae a porro fugit aut. Quia et voluptas consequuntur natus ducimus occaecati. Et eveniet sunt aliquid ut sequi sequi suscipit.',1,1,'2020-04-04 12:34:04','2020-02-02 23:47:36'),(10,92,34,'Rerum ut omnis minima sed illo et eos. Excepturi suscipit repellat error aut nihil illum. Eos consectetur ullam aliquid reprehenderit.',0,1,'2019-09-09 12:08:35','2020-08-17 09:32:34'),(11,27,79,'Reiciendis molestiae commodi autem sed voluptatibus adipisci. Fugit et saepe earum. Aperiam et perferendis eum ut qui alias odit.',1,1,'2020-02-23 00:08:45','2019-09-27 06:48:49'),(12,33,47,'Sit quis placeat corporis. Quam et eveniet error.',0,0,'2020-01-16 19:06:18','2020-02-18 01:23:38'),(13,43,73,'Eligendi eligendi labore porro voluptatem voluptatem rerum. Sit tempore repellat non et veniam. Ex et id eos consequatur dolorem nesciunt.',0,0,'2019-12-21 04:56:09','2020-06-29 06:50:27'),(14,17,76,'Non autem et sunt sit aliquam hic. Qui doloribus itaque quaerat autem natus fugiat. Minus quia et at. Delectus enim velit ipsum consequatur. Maiores enim dolor modi sequi hic quis molestiae.',0,1,'2019-10-15 00:01:05','2020-03-03 16:44:08'),(15,68,4,'Corrupti molestias et necessitatibus tenetur neque voluptatem. Iste repudiandae fuga tempora. Temporibus molestiae veniam et rem est et quia.',0,1,'2019-09-27 02:22:22','2020-04-29 05:44:41'),(16,61,85,'Et et id et velit voluptatem explicabo provident corporis. Suscipit neque perspiciatis qui quasi porro ea aut. Optio animi qui nihil sunt ex expedita occaecati sint.',1,0,'2019-10-25 23:25:07','2020-06-21 23:54:19'),(17,25,98,'Amet asperiores aperiam quibusdam id sit sunt deserunt non. Perferendis sed optio omnis possimus. Fuga cum est aut qui non sit vel officia. Neque error sapiente quia praesentium et. Inventore incidunt aut optio qui omnis.',0,0,'2020-01-08 02:07:28','2020-01-29 02:24:50'),(18,50,35,'Rerum eaque voluptates vel aut quo qui iste. Vitae omnis voluptas aliquam in fugiat vel. Sapiente sit inventore et molestiae ad.',0,0,'2020-03-07 05:14:01','2019-10-19 15:18:21'),(19,63,14,'Eum adipisci odit molestias quae. Optio totam hic ut assumenda quis voluptatem. Natus autem qui perspiciatis tempore.',1,1,'2020-08-04 16:47:21','2020-03-16 07:22:01'),(20,96,9,'Reiciendis est animi consequatur molestiae at aut id. Repudiandae soluta quia amet. Non qui necessitatibus assumenda voluptatem ut qui quia.',1,0,'2020-01-13 07:20:24','2020-07-28 02:51:28'),(21,61,94,'Ad nam commodi nostrum. Illo accusamus optio unde impedit excepturi voluptas veritatis. Ipsa beatae possimus cupiditate corporis. Voluptas eaque pariatur non vel.',1,0,'2020-08-06 18:48:39','2020-07-11 23:10:28'),(22,70,55,'Enim delectus et voluptates quisquam. Earum dolorem magnam adipisci placeat aut explicabo est sint. Et neque occaecati dignissimos magni nam officiis rerum. Numquam quos aut quos deserunt facere nemo.',0,1,'2019-11-01 17:17:38','2020-02-15 23:19:25'),(23,54,70,'Et provident et est voluptatum ratione dolores. Esse dolorem exercitationem explicabo iusto perspiciatis corrupti. Nobis doloribus ab deserunt recusandae dicta.',1,1,'2019-12-30 00:08:31','2020-01-11 12:50:36'),(24,9,88,'Doloremque incidunt rem nostrum rem mollitia qui. Porro maxime est ad eaque recusandae. Aut odit voluptas aut nihil blanditiis. Consequatur minus qui velit eius recusandae aut qui.',1,0,'2020-05-07 00:25:54','2019-08-20 17:04:05'),(25,51,1,'Earum minima rerum eveniet porro molestias autem. Qui porro molestias eum sit vel. Iure in officia consequatur voluptate distinctio deleniti.',1,1,'2020-07-21 05:58:26','2020-03-24 10:31:58'),(26,22,77,'Ut consequuntur architecto et maiores vel et fugit consequatur. Natus et aut facere aut debitis dolores quis. Inventore enim saepe minus quo sunt accusamus voluptatem eaque.',0,1,'2020-03-02 03:59:24','2020-01-29 08:11:55'),(27,79,54,'Mollitia assumenda porro cumque error sed facilis numquam. Labore occaecati autem ab eaque. Repellendus sint cum numquam voluptas nemo natus eum. Fuga est et quasi autem odio. Impedit quo aut aut consequatur.',1,1,'2020-06-30 23:50:21','2020-03-06 05:32:14'),(28,24,21,'Pariatur assumenda ut occaecati quod dolorum aperiam. Qui unde aliquid at sequi labore dicta et.',1,1,'2020-04-01 12:30:00','2019-12-29 12:58:06'),(29,26,41,'Enim et quia assumenda ut tempore blanditiis totam. Dignissimos quia enim facilis sunt omnis ex.',0,1,'2020-01-31 15:53:50','2020-06-07 13:36:07'),(30,97,94,'Et saepe adipisci et rerum rerum quasi deleniti. Assumenda tempora exercitationem ut. Et hic dolorum modi aut fugit magnam voluptas est.',1,1,'2020-03-25 11:13:52','2020-07-31 16:49:37'),(31,45,58,'Impedit consequatur voluptas et tempore. Odit nulla laboriosam architecto corporis. Harum adipisci aperiam non omnis.',0,1,'2020-03-04 20:11:06','2020-07-16 00:54:24'),(32,78,69,'Eaque ut et in. Rem qui voluptatem consequuntur sit. Dolor ea delectus placeat ut mollitia. Dignissimos aut dolorum aperiam.',0,0,'2020-04-11 16:14:36','2019-11-05 01:49:29'),(33,55,27,'Quam quo ad molestiae voluptatem ea tenetur. Et ipsa est ducimus ut deleniti. Et voluptatibus aut molestias est. Sapiente itaque vero delectus ut.',0,1,'2020-03-17 15:45:51','2020-01-14 01:21:27'),(34,3,18,'Dolore unde illo et inventore. Nemo omnis recusandae unde deleniti officiis aperiam. Sit nesciunt autem non velit vel aut.',1,1,'2020-03-31 17:50:10','2020-02-17 14:58:08'),(35,41,99,'Neque vero praesentium blanditiis omnis facere quia veniam. Autem occaecati est odio cupiditate quas perferendis ea. Occaecati ad illo laudantium tenetur.',1,0,'2020-04-23 05:10:40','2019-12-10 05:30:36'),(36,27,1,'Amet ex at totam id. Ut esse aperiam veritatis quo occaecati ullam.',1,0,'2020-05-19 22:31:41','2020-03-27 03:19:30'),(37,92,96,'Facere fugit facere quae reprehenderit harum vel molestiae. Enim aut enim est harum dicta in ut.',1,1,'2020-03-17 14:21:34','2019-12-26 00:05:11'),(38,56,46,'Ducimus minima dolorem eius asperiores labore adipisci consequatur. Laboriosam nobis voluptatum explicabo enim in corrupti reiciendis. Perferendis est incidunt quam quia et. Consequatur dolores eos aut.',0,1,'2020-02-28 10:36:29','2019-09-08 11:11:16'),(39,66,64,'Quia quo dolorem modi neque. Officiis incidunt beatae ut. Sequi minima id ipsum et voluptatem. Quia et culpa expedita facilis repellendus dolorem sed.',1,0,'2019-11-27 21:18:22','2019-11-05 05:16:54'),(40,34,16,'Sapiente earum ipsam voluptatem odio et doloremque. Voluptas est quia nemo eveniet aspernatur est. Tempora officia nisi officia quis quidem.',0,1,'2020-06-03 00:04:32','2019-08-31 13:22:35'),(41,65,55,'Sunt et non aut ut illum. Non cumque fugit ut facilis rem rem consectetur.',0,0,'2020-01-07 13:10:34','2020-08-14 03:16:43'),(42,93,44,'Magnam dicta est minus cupiditate animi labore quia. Ducimus ut enim omnis rerum. Eum mollitia et illo impedit. Voluptas illum sit sunt.',1,1,'2020-08-02 04:53:11','2020-01-13 18:55:13'),(43,9,17,'Qui voluptatem unde et temporibus et rerum optio. Ea neque sapiente aspernatur iste reprehenderit.',1,0,'2019-11-13 13:11:58','2020-02-02 15:30:02'),(44,64,34,'Excepturi amet maxime saepe quis corrupti qui. Repellat perferendis hic expedita officia autem sint voluptatem. Minus animi minima distinctio maiores sunt id.',1,1,'2020-03-05 23:46:02','2020-02-14 20:44:11'),(45,57,61,'Harum sint voluptates quas ut minima asperiores. Qui numquam ad sunt non beatae quisquam expedita.',1,1,'2019-09-27 16:42:36','2019-09-28 00:21:55'),(46,28,1,'Expedita error in nobis omnis inventore repellendus perferendis alias. Nam deleniti distinctio error sapiente quas cum. Recusandae nesciunt iure est voluptatem necessitatibus sit reprehenderit.',1,0,'2020-01-17 13:20:27','2020-04-01 09:27:32'),(47,18,6,'Dolorem veniam reiciendis ipsum voluptates voluptatibus cumque officiis quia. Rerum architecto qui sed assumenda ut. Animi quia quasi repudiandae dolorem veritatis. Ex pariatur est molestias quo in fuga id.',0,0,'2019-08-21 04:33:04','2019-11-10 02:29:20'),(48,70,73,'Est ratione expedita nihil eaque ad rerum non. Tempora qui laboriosam aut qui vel quia dolor. Dolore qui in quia in. Modi sed ut autem ullam qui quas. Et harum nisi quia quibusdam.',0,0,'2020-08-06 15:12:49','2020-06-26 09:15:40'),(49,32,73,'Hic dolores dolor eius eos. Qui repellendus commodi qui aut quae accusamus voluptate mollitia. Blanditiis doloribus commodi hic beatae rerum. Ratione unde vitae eligendi.',1,0,'2020-01-12 17:51:38','2020-03-24 01:11:31'),(50,91,73,'Maxime amet similique hic omnis quis necessitatibus et. Voluptates amet consequatur esse atque. Molestiae odit culpa quos exercitationem sed. Fugiat incidunt voluptatum qui aperiam fugiat.',1,0,'2020-07-25 06:59:33','2020-02-04 18:21:55'),(51,71,17,'Non beatae et harum in aut laborum dignissimos. Tempora autem qui error in consequatur et tempore. At occaecati magnam sed saepe numquam nobis.',0,1,'2020-04-29 01:06:32','2019-12-02 02:43:53'),(52,73,63,'Qui sunt sunt odio enim est officia. Inventore sequi officiis in qui quisquam sunt deleniti. Dolore voluptatibus provident qui explicabo culpa veritatis eum. Quos debitis a tenetur incidunt alias illum.',1,0,'2020-01-13 15:51:10','2020-06-20 14:57:04'),(53,13,29,'Non quaerat repellendus est eveniet. Ut est exercitationem rerum voluptatum et cupiditate. Iusto architecto doloribus consectetur dolores. Alias odit voluptate voluptatem quia consectetur eum ut.',1,0,'2020-05-21 07:40:55','2020-02-13 16:35:58'),(54,8,78,'Ut sequi quis aut quo suscipit aut. Et quis dolores esse non quia officiis in. Aperiam atque voluptas nobis sapiente officia. Eligendi ea reiciendis eum fugiat et ut.',0,0,'2020-03-01 00:59:20','2019-10-28 06:20:14'),(55,93,42,'Voluptatem autem voluptatibus ipsam eaque. Molestiae sed voluptas mollitia. Illum maxime voluptates ea nisi aliquam. Aut velit quia earum saepe.',1,0,'2020-06-06 09:14:15','2019-10-29 16:02:16'),(56,94,57,'Accusantium cumque eligendi rerum iusto. Consequatur fuga voluptatem earum voluptates porro. Inventore enim voluptate sit dolorem molestias ut non.',0,0,'2020-01-21 20:21:41','2020-02-19 20:57:34'),(57,96,86,'Incidunt quia cupiditate rerum dolor accusamus officia est et. Magnam magni et aut saepe asperiores fuga dolor. Corrupti deleniti placeat nisi ipsum et voluptas eligendi. Id repellendus veniam explicabo explicabo dolorem beatae illum. Omnis eius eveniet dolor.',0,0,'2019-08-25 05:31:39','2019-12-09 11:10:12'),(58,100,5,'Quia quos sint aut saepe non amet. Excepturi aliquid veritatis nostrum maiores modi. Ad sit sed est.',1,0,'2019-12-14 10:33:19','2019-10-01 09:52:50'),(59,3,64,'Ut aliquid dignissimos tempora rerum consequatur autem molestias. Eum repellendus molestias cumque eaque quidem eum incidunt et. Necessitatibus voluptas doloremque delectus tenetur qui.',0,1,'2019-09-24 09:16:38','2019-11-28 15:46:39'),(60,38,60,'Asperiores necessitatibus excepturi eligendi et repellat tempore quaerat. Harum ea sunt et id quis. Officiis sed est quam et voluptatem.',1,1,'2020-05-15 09:35:33','2020-03-05 13:24:36'),(61,25,66,'Ducimus itaque sint illum sint voluptas. Porro voluptas recusandae sed temporibus. Aut aut earum est et sunt. Quae deleniti id qui magni nesciunt voluptas.',1,0,'2019-11-09 04:35:15','2020-07-10 16:54:00'),(62,60,43,'Quam occaecati odio impedit soluta. Rerum consequatur illum quibusdam aut. Fugiat recusandae nam suscipit qui.',0,0,'2020-06-19 18:34:51','2019-12-22 08:52:28'),(63,71,29,'Velit ea provident deserunt laboriosam dolore. Ducimus aut atque libero consequatur laudantium fugit. Expedita molestiae dolores et laborum vel aspernatur. Architecto delectus dicta nulla quasi.',1,0,'2019-09-17 22:49:20','2020-04-16 19:46:26'),(64,15,3,'Ab doloribus perferendis qui. Officia cum officiis vitae ipsa deleniti voluptatibus vero. Ipsa molestiae minus possimus et.',0,1,'2019-12-17 10:46:55','2020-05-30 18:08:24'),(65,1,6,'Qui tempore delectus eius quia sit. Ipsam ut et adipisci in et eius. Non sunt sunt et voluptatum.',0,0,'2020-07-23 15:14:53','2019-12-22 15:43:30'),(66,75,72,'Eligendi voluptatum quia exercitationem dolorum. Iure dicta esse sed fugiat exercitationem quasi. Quod earum quibusdam officiis accusamus aut sit et temporibus. Perspiciatis quisquam facilis neque quidem id.',0,0,'2020-05-09 03:56:16','2019-12-28 12:53:27'),(67,23,48,'Eligendi et laboriosam qui nam. Dolorem ratione esse necessitatibus maiores. Ratione beatae animi et magnam dicta.',0,0,'2020-03-05 11:10:28','2020-06-04 04:55:32'),(68,34,35,'Inventore maiores provident natus dolorem est fugiat dolore. Blanditiis quos consequatur soluta aperiam. Minima sit quis neque asperiores. Consequuntur cum rem voluptatibus quibusdam molestiae cumque quo.',0,0,'2020-06-05 04:40:36','2019-10-02 14:31:38'),(69,76,41,'Exercitationem expedita quia harum. Illo et facere molestiae id aut at. Saepe exercitationem molestias autem sed eius amet porro.',1,1,'2019-09-02 19:15:56','2019-11-02 16:07:34'),(70,13,68,'Architecto voluptatibus recusandae sed harum labore dolorem esse. Nemo alias adipisci sit esse qui possimus. Quis animi sapiente aliquam cumque. Qui rerum laudantium sit voluptatum nam dolorem.',1,0,'2019-11-06 22:48:16','2019-10-12 05:00:52'),(71,83,6,'Consequatur odio iste soluta quam. Non quis illo reiciendis. Autem blanditiis dolor laborum cum cum. Qui nulla autem dolores maxime omnis libero nihil. Similique ut ea eveniet recusandae fugiat modi quia voluptatem.',0,1,'2019-12-10 18:38:31','2020-06-18 19:50:17'),(72,25,79,'Asperiores expedita magnam voluptatem sequi architecto. Accusantium iste occaecati nobis et sed. Omnis eos dolor officia et omnis sed corporis. Eligendi architecto eum voluptatem voluptatem a reprehenderit. Magni similique debitis cumque ea quo.',1,0,'2020-01-05 20:04:25','2020-03-24 02:46:14'),(73,92,24,'Sed et non saepe architecto. Quisquam magnam minima architecto maxime repellendus tempora soluta. Fugiat dolorem fugiat voluptas quod.',0,0,'2019-10-08 04:25:20','2020-04-15 23:41:27'),(74,83,94,'Aliquid ut fugit quia eaque accusamus perferendis. Sit iure est dicta. Ratione reiciendis sequi autem vel unde perferendis. Odio et in iure voluptatem tenetur ratione quia.',1,1,'2019-09-21 05:06:04','2020-02-25 07:43:31'),(75,88,20,'Voluptatum qui voluptatem qui qui. Placeat nam sint saepe nisi incidunt sint.',0,1,'2019-09-11 11:55:07','2020-01-12 19:16:47'),(76,53,12,'Labore numquam qui culpa corrupti. Sapiente animi enim iusto voluptate dolorem illo. Quam unde omnis non expedita laborum odio eos. Vel dignissimos quis aperiam animi iure sit est voluptatem. Aut repudiandae tempora atque ut est aut.',1,0,'2019-09-13 08:10:07','2019-11-06 15:49:58'),(77,86,13,'Cum quod suscipit repudiandae magni perferendis ut minima. Vel sed aliquid et. Id soluta nemo et. At corrupti consectetur nobis qui.',1,1,'2020-07-28 14:15:56','2019-10-12 00:00:34'),(78,54,56,'Distinctio dolores qui doloremque provident quia a. Libero in placeat numquam sit sit quisquam. Aut inventore et qui sint.',0,0,'2020-06-03 07:31:38','2020-05-18 17:39:44'),(79,42,69,'Et consectetur nobis omnis necessitatibus. Fugiat pariatur qui at accusamus qui modi. Repudiandae necessitatibus quas libero aut esse et totam. Dolorem consequatur laudantium sint ut.',1,0,'2020-02-11 09:28:43','2020-06-14 15:12:50'),(80,58,43,'Quidem quo ex accusantium et. Et voluptatibus qui eaque mollitia animi et et similique. Et earum autem explicabo cumque aut et. Et sapiente dolorem molestias sit.',1,1,'2020-06-12 03:09:48','2019-11-20 02:19:48'),(81,75,33,'Nisi quia et voluptatem voluptatum autem dolorum. Enim facere qui doloremque voluptatem voluptate ratione. Est et rerum ad enim vitae. Nisi voluptas facilis aut quisquam sed ea.',0,0,'2020-04-30 07:18:26','2020-02-01 09:15:57'),(82,14,97,'Omnis eum voluptas est unde quos. Sit odio fuga inventore perferendis. Sint eaque voluptas architecto nesciunt ratione ea qui rerum. Magnam qui fugiat similique exercitationem qui. Quam omnis vel asperiores qui facere et.',0,0,'2020-03-14 06:16:57','2019-10-14 00:44:17'),(83,81,47,'Et vitae totam aliquam ut. Doloremque id voluptas sunt odit non. Reiciendis ab amet beatae eaque. Sunt perferendis eum magni est soluta culpa eum. Tempora vel autem qui non perspiciatis ad exercitationem.',0,0,'2020-02-01 09:09:04','2020-03-19 06:31:27'),(84,32,56,'Qui quia deleniti animi necessitatibus. Totam inventore non dignissimos non quia error eum. Doloremque facilis a repellat eveniet. Id velit rem rerum sapiente et qui velit.',1,1,'2020-03-15 04:14:41','2020-04-03 10:34:18'),(85,88,44,'Est explicabo provident et eligendi non aspernatur. Animi odio quaerat natus ea dolorem et. Sit maiores optio voluptatem sit deserunt sed nobis. Sapiente necessitatibus et et error inventore esse.',1,0,'2019-11-15 06:07:34','2020-01-20 01:57:52'),(86,24,70,'A facere corrupti dicta quia corrupti. Qui fugit quia sit suscipit quia debitis. In aut dolores nemo et. Molestiae architecto voluptas id tempora possimus ut voluptas.',0,0,'2019-10-30 03:44:56','2020-03-28 06:43:34'),(87,50,49,'Accusamus dicta magnam explicabo nobis assumenda distinctio ab. Incidunt ex qui autem necessitatibus. Et debitis non ut et error enim esse.',0,1,'2019-09-15 02:22:15','2019-11-20 12:42:40'),(88,48,41,'Est est distinctio accusamus ut corporis. Earum veniam sed optio soluta.',0,0,'2020-05-24 05:03:27','2019-09-10 19:39:06'),(89,73,30,'Velit autem dignissimos quis non non qui magnam. Suscipit et vel neque maxime corporis voluptate officia. Et amet sint minus sunt non non quo id.',1,0,'2019-09-16 06:10:35','2019-09-15 18:43:44'),(90,35,60,'Tempore corporis ratione non odit corrupti inventore blanditiis quasi. Minima qui voluptatum omnis beatae tempore eum animi adipisci.',1,1,'2019-11-01 13:19:21','2020-03-26 05:45:04'),(91,50,88,'Possimus qui voluptatem ullam alias aliquam tempore quidem. Dolorem autem placeat cupiditate. Et perferendis nesciunt eaque eos fugiat dolor.',1,0,'2020-03-26 20:41:54','2019-09-09 10:14:59'),(92,72,36,'Et quo consequatur et saepe dolore. Ut quod omnis nihil impedit ut quae doloribus. Cum amet odit dolorum at eos dolor. Aliquid quis voluptatem eveniet necessitatibus ab voluptas adipisci. Hic voluptatem sed velit omnis error.',1,0,'2019-09-29 23:00:26','2019-09-10 17:44:19'),(93,1,26,'Ex architecto quasi saepe rerum culpa. Similique ut ut deserunt ratione voluptatem voluptatibus fuga. Sunt temporibus velit impedit et quidem ut quaerat.',0,0,'2019-10-21 15:20:19','2019-11-04 23:31:29'),(94,91,43,'Excepturi error exercitationem voluptatem voluptate aspernatur. Ut explicabo quaerat qui et. Dolor temporibus in enim quo eum.',0,1,'2019-12-20 12:05:55','2019-09-23 13:33:38'),(95,95,49,'Blanditiis voluptas rem nisi enim optio. Id nobis laboriosam molestiae maxime inventore voluptatibus. Officia nostrum omnis dicta voluptate.',1,1,'2019-11-09 14:41:49','2020-02-09 05:06:29'),(96,86,69,'Voluptatem laborum facere rem recusandae ab. Alias praesentium sit iusto voluptas autem nam eaque. Dolor fugiat velit officiis porro vel animi ea.',0,0,'2020-01-21 06:28:34','2020-05-19 13:47:42'),(97,82,100,'In neque qui fugiat suscipit illum animi quia. Rem cumque aliquid sequi aut itaque eaque sit. Magni magni ab in et.',1,1,'2020-01-13 05:07:08','2020-02-06 12:14:56'),(98,65,62,'Sequi quos voluptatem consequatur. Dolor nostrum natus culpa repudiandae. Aut corrupti quis necessitatibus odit sed.',0,0,'2019-10-12 03:00:58','2020-07-03 06:09:13'),(99,46,97,'Quia perferendis unde illo et sit velit. Illo nisi est qui temporibus.',0,1,'2019-12-28 00:06:23','2019-11-06 18:07:37'),(100,18,34,'Reprehenderit pariatur deserunt nesciunt exercitationem consequatur eius. Molestias perferendis autem quidem dolores repellendus ad sed. Minima suscipit velit ipsam animi. Ut et earum mollitia dolore. Voluptatem minima adipisci voluptas ut accusamus aut.',0,1,'2020-06-23 01:19:00','2019-12-26 21:04:12');
/*!40000 ALTER TABLE `messages` ENABLE KEYS */;
UNLOCK TABLES;

--
-- Table structure for table `profiles`
--

DROP TABLE IF EXISTS `profiles`;
/*!40101 SET @saved_cs_client     = @@character_set_client */;
/*!50503 SET character_set_client = utf8mb4 */;
CREATE TABLE `profiles` (
  `user_id` int unsigned NOT NULL COMMENT 'Ссылка на пользователя',
  `gender` char(1) NOT NULL COMMENT 'Пол',
  `birthday` date DEFAULT NULL COMMENT 'Дата рождения',
  `photo_id` int unsigned DEFAULT NULL COMMENT 'Ссылка на основную фотографию пользователя',
  `city` varchar(130) DEFAULT NULL COMMENT 'Город проживания',
  `country` varchar(130) DEFAULT NULL COMMENT 'Страна проживания',
  `created_at` datetime DEFAULT CURRENT_TIMESTAMP COMMENT 'Время создания строки',
  `updated_at` datetime DEFAULT CURRENT_TIMESTAMP ON UPDATE CURRENT_TIMESTAMP COMMENT 'Время обновления строки',
  PRIMARY KEY (`user_id`)
) ENGINE=InnoDB DEFAULT CHARSET=utf8mb4 COLLATE=utf8mb4_0900_ai_ci COMMENT='Профили';
/*!40101 SET character_set_client = @saved_cs_client */;

--
-- Dumping data for table `profiles`
--

LOCK TABLES `profiles` WRITE;
/*!40000 ALTER TABLE `profiles` DISABLE KEYS */;
INSERT INTO `profiles` VALUES (1,'f','2000-05-18',66,'Daisyshire','Christmas Island','2019-11-27 18:09:33','2020-08-19 23:24:19'),(2,'f','1980-07-29',46,'Legrosside','Pakistan','2020-07-19 18:40:13','2020-08-19 23:24:45'),(3,'m','1985-12-29',30,'Lueilwitzside','Saint Helena','2020-06-02 15:49:07','2020-08-19 23:26:45'),(4,'f','2020-02-20',65,'McCulloughstad','Mongolia','2019-12-09 23:36:28','2020-08-19 23:25:55'),(5,'f','2019-12-16',25,'Lake Cyril','Cyprus','2020-02-12 18:45:38','2020-08-19 23:25:25'),(6,'m','1989-05-27',29,'North Greggville','Turks and Caicos Islands','2020-04-12 09:10:39','2020-08-19 23:27:28'),(7,'f','1979-02-19',53,'West Virginia','Northern Mariana Islands','2020-04-03 04:19:37','2020-08-19 23:25:55'),(8,'f','2014-09-13',28,'West Cristianberg','United Kingdom','2020-04-20 07:01:00','2020-08-19 23:25:55'),(9,'m','1989-10-05',81,'Sydneeland','American Samoa','2020-06-20 18:37:28','2020-08-19 23:27:28'),(10,'f','2014-12-24',43,'McCulloughhaven','Kyrgyz Republic','2019-11-16 06:05:46','2020-08-19 23:25:55'),(11,'f','2018-04-05',18,'North Hobart','Central African Republic','2019-11-23 06:54:56','2020-08-19 23:24:19'),(12,'f','2014-07-06',61,'Port Fernando','Malawi','2020-03-01 15:33:45','2020-08-19 23:25:39'),(13,'f','2002-03-19',19,'Candaceberg','Belize','2020-01-27 03:25:12','2020-08-19 23:25:55'),(14,'f','1985-03-28',69,'East Noemieport','Thailand','2019-10-03 20:25:25','2020-08-19 23:25:55'),(15,'m','2004-07-23',65,'New Napoleon','Jamaica','2019-11-14 17:56:41','2020-08-19 23:27:28'),(16,'f','1995-02-20',22,'Laylamouth','Andorra','2020-08-18 16:35:03','2020-08-19 23:25:25'),(17,'f','2009-04-30',26,'Rodrigoshire','Guyana','2020-03-04 02:32:45','2020-08-19 23:25:25'),(18,'f','2019-07-05',13,'Port Earlenestad','Russian Federation','2019-11-20 02:41:31','2020-08-19 23:25:55'),(19,'f','1989-05-03',34,'Arturoview','Sudan','2020-04-30 18:54:37','2020-08-19 23:25:55'),(20,'m','2006-02-26',65,'Port Colleen','Timor-Leste','2020-01-15 13:14:24','2020-08-19 23:27:28'),(21,'f','1976-10-17',10,'Lehnermouth','Central African Republic','2020-06-18 20:15:03','2020-08-19 23:25:39'),(22,'f','2015-04-02',84,'South Virginiaton','Svalbard & Jan Mayen Islands','2019-12-30 06:05:34','2020-08-19 23:25:55'),(23,'f','2011-06-21',75,'Mervinshire','Togo','2020-03-22 16:05:55','2020-08-19 23:25:29'),(24,'f','2018-06-16',26,'Armstrongland','Gabon','2020-06-10 03:14:19','2020-08-19 23:25:29'),(25,'m','1989-12-06',72,'East Eladiomouth','Trinidad and Tobago','2020-01-18 05:04:16','2020-08-19 23:27:28'),(26,'f','1982-01-13',5,'Corbinfort','Cook Islands','2019-08-21 11:16:33','2020-08-19 23:25:39'),(27,'f','1998-05-22',34,'Kesslerfort','Zambia','2019-10-04 23:10:27','2020-08-19 23:24:58'),(28,'f','1991-03-26',24,'Beerchester','Lebanon','2019-10-16 00:54:14','2020-08-19 23:25:07'),(29,'m','2010-05-20',64,'North Marleyton','Belarus','2019-09-12 05:26:55','2020-08-19 23:27:28'),(30,'f','1970-01-26',37,'Earnestinestad','Iraq','2020-05-15 00:09:09','2020-08-19 23:25:29'),(31,'f','2016-05-24',40,'Kshlerinchester','United States Virgin Islands','2019-08-29 21:59:30','2020-08-19 23:25:55'),(32,'f','1989-07-22',29,'Milanmouth','Vanuatu','2019-11-09 06:22:25','2020-08-19 23:25:55'),(33,'f','1982-06-07',83,'West Camrenport','Panama','2020-05-30 18:13:53','2020-08-19 23:25:21'),(34,'f','2011-07-11',69,'Langland','Brunei Darussalam','2020-02-17 01:23:20','2020-08-19 23:25:55'),(35,'f','1986-08-25',93,'McCulloughborough','Tokelau','2020-01-27 11:56:04','2020-08-19 23:25:55'),(36,'f','1988-10-01',7,'Emmerichfort','Northern Mariana Islands','2020-01-23 00:16:07','2020-08-19 23:25:34'),(37,'m','1974-01-16',98,'West Jo','Sri Lanka','2019-08-26 19:31:03','2020-08-19 23:27:28'),(38,'f','2011-02-09',46,'Cormierville','Ethiopia','2020-07-28 00:31:24','2020-08-19 23:25:16'),(39,'f','1974-09-17',35,'West Aylin','Mauritania','2019-09-19 00:41:30','2020-08-19 23:25:55'),(40,'m','2010-08-20',78,'West Floy','Mayotte','2019-11-28 13:25:33','2020-08-19 23:27:28'),(41,'f','1980-10-04',88,'Klingtown','South Georgia and the South Sandwich Islands','2020-08-18 11:10:18','2020-08-19 23:25:03'),(42,'f','2014-11-28',52,'Arnoldville','Solomon Islands','2020-05-26 01:14:05','2020-08-19 23:25:55'),(43,'f','1987-06-25',38,'North Ethanhaven','Albania','2019-09-10 11:05:32','2020-08-19 23:25:55'),(44,'f','1989-10-19',7,'Abdielburgh','Saint Helena','2020-04-26 19:07:54','2020-08-19 23:25:55'),(45,'f','1999-07-09',21,'North Arlofurt','Bahamas','2019-12-12 21:19:01','2020-08-19 23:25:55'),(46,'m','1974-06-06',3,'East Coltonburgh','Haiti','2020-07-24 13:28:34','2020-08-19 23:28:10'),(47,'f','1972-08-13',29,'Port Sean','Belgium','2019-12-27 17:31:31','2020-08-19 23:25:55'),(48,'f','1998-08-18',47,'Murazikfurt','El Salvador','2019-09-12 02:53:11','2020-08-19 23:25:55'),(49,'m','1983-07-15',15,'Stokeschester','Bosnia and Herzegovina','2019-10-09 03:19:59','2020-08-19 23:27:28'),(50,'f','1975-04-10',63,'Lake Ross','Netherlands Antilles','2020-06-27 09:37:32','2020-08-19 23:25:55'),(51,'f','1974-04-30',11,'Stantonhaven','Turkey','2019-12-21 17:52:12','2020-08-19 23:25:21'),(52,'f','1987-01-20',25,'Wizashire','Mexico','2019-11-26 08:34:10','2020-08-19 23:25:55'),(53,'m','2005-01-02',47,'Lake Leorastad','Faroe Islands','2019-11-13 02:29:46','2020-08-19 23:28:10'),(54,'f','2014-03-14',85,'East Kareem','United Kingdom','2020-02-02 10:21:53','2020-08-19 23:25:55'),(55,'f','1995-11-09',51,'Lake Josefa','Jersey','2020-06-08 19:51:18','2020-08-19 23:25:55'),(56,'m','1984-09-03',19,'Anabelleville','Costa Rica','2020-01-12 13:02:57','2020-08-19 23:27:28'),(57,'f','1984-11-06',89,'South Melody','Gambia','2020-05-30 09:12:27','2020-08-19 23:25:55'),(58,'f','1974-02-22',85,'West Santa','Somalia','2019-12-19 15:51:00','2020-08-19 23:25:55'),(59,'f','2010-04-01',42,'North Riverstad','Bahamas','2020-03-20 20:03:42','2020-08-19 23:25:12'),(60,'f','1990-06-23',53,'Rowefort','Martinique','2020-05-22 11:09:07','2020-08-19 23:24:58'),(61,'f','1972-03-17',21,'Faheyville','Barbados','2020-05-11 03:27:31','2020-08-19 23:25:55'),(62,'m','2000-12-31',81,'New Berenice','Kazakhstan','2020-06-29 01:13:05','2020-08-19 23:27:28'),(63,'f','1978-09-26',81,'Tatyanafurt','Algeria','2019-11-07 08:18:35','2020-08-19 23:25:55'),(64,'m','1998-04-21',4,'South Dewayne','Mauritius','2020-02-23 22:31:52','2020-08-19 23:28:10'),(65,'f','2012-10-14',50,'Rodolfochester','Korea','2020-02-09 15:15:11','2020-08-19 23:25:16'),(66,'f','1976-11-10',74,'Marcelinaport','Tajikistan','2020-06-12 02:00:19','2020-08-19 23:25:55'),(67,'f','2000-04-07',11,'South Elijah','Australia','2020-07-03 18:51:17','2020-08-19 23:25:16'),(68,'f','1998-04-27',47,'Abeland','Mauritius','2020-03-18 19:45:44','2020-08-19 23:25:16'),(69,'m','1972-12-15',19,'New Adrienhaven','San Marino','2020-03-15 14:21:59','2020-08-19 23:27:28'),(70,'m','1980-08-28',45,'Lewton','Zimbabwe','2019-08-23 13:51:31','2020-08-19 23:28:10'),(71,'f','2018-03-19',24,'Donburgh','Gabon','2020-02-12 16:30:18','2020-08-19 23:25:55'),(72,'m','1992-07-30',6,'Sidview','Saint Helena','2019-11-28 13:15:36','2020-08-19 23:27:28'),(73,'f','1999-01-18',97,'West Cloyd','Samoa','2019-12-11 22:16:23','2020-08-19 23:25:03'),(74,'f','2014-09-03',62,'North Gertrudefort','New Zealand','2020-02-02 13:52:17','2020-08-19 23:25:16'),(75,'m','2001-02-03',13,'North Barryhaven','Mauritius','2020-06-23 06:42:38','2020-08-19 23:27:28'),(76,'f','2011-07-04',17,'Crawfordfort','Greenland','2020-07-12 03:41:40','2020-08-19 23:25:55'),(77,'m','2016-02-14',65,'Quitzonberg','Hungary','2020-05-03 15:51:09','2020-08-19 23:28:10'),(78,'f','2011-04-01',41,'New Felipebury','Eritrea','2019-11-05 17:03:31','2020-08-19 23:24:45'),(79,'f','1975-02-15',63,'Marcosborough','Paraguay','2019-09-11 11:07:07','2020-08-19 23:25:16'),(80,'m','1974-10-10',80,'Port Yasmeen','Gambia','2020-05-03 23:32:06','2020-08-19 23:27:28'),(81,'f','1972-03-23',4,'Veumchester','Angola','2019-11-19 16:26:18','2020-08-19 23:25:55'),(82,'f','2014-10-27',74,'South Bernardo','El Salvador','2020-07-16 02:12:01','2020-08-19 23:25:55'),(83,'f','1992-09-14',5,'North Oswaldo','Suriname','2019-12-18 16:29:22','2020-08-19 23:25:34'),(84,'m','2006-08-24',50,'Lethamouth','Jersey','2020-01-30 11:23:44','2020-08-19 23:28:10'),(85,'f','1979-10-03',58,'East Ricardo','Mauritania','2020-07-20 14:32:07','2020-08-19 23:25:55'),(86,'m','1985-03-10',55,'Grahamburgh','Zimbabwe','2020-05-11 03:24:45','2020-08-19 23:27:28'),(87,'f','2019-11-17',68,'Karleefurt','Aruba','2020-02-26 02:14:16','2020-08-19 23:25:34'),(88,'f','2006-08-24',47,'Lake Rosaleechester','Israel','2020-06-04 19:55:36','2020-08-19 23:25:55'),(89,'f','2016-04-11',39,'West Herman','Martinique','2019-12-27 00:17:35','2020-08-19 23:25:55'),(90,'m','2003-12-17',9,'Yostview','Turkmenistan','2020-04-15 03:20:56','2020-08-19 23:28:10'),(91,'m','1984-06-22',99,'East Naomieberg','Ukraine','2020-02-25 17:03:44','2020-08-19 23:27:28'),(92,'f','2006-12-05',60,'Lewbury','Thailand','2020-01-14 12:08:12','2020-08-19 23:25:55'),(93,'f','1985-05-29',90,'Nikolausview','Liberia','2019-11-13 20:20:54','2020-08-19 23:25:55'),(94,'m','2018-07-03',80,'Lake Deborah','Sweden','2019-08-31 08:00:53','2020-08-19 23:27:28'),(95,'f','1998-03-12',63,'South Anika','Djibouti','2019-11-24 04:33:26','2020-08-19 23:25:55'),(96,'f','2000-07-04',39,'Port Laurenceview','Dominican Republic','2020-04-28 07:39:55','2020-08-19 23:25:55'),(97,'m','1999-08-13',53,'Jeniferstad','Azerbaijan','2020-05-06 11:51:23','2020-08-19 23:27:28'),(98,'f','1987-06-17',73,'West Stanbury','Trinidad and Tobago','2020-03-21 20:38:25','2020-04-27 07:18:51'),(99,'f','2004-07-30',85,'Creminland','Martinique','2020-05-19 09:53:23','2020-08-19 23:25:55'),(100,'m','2006-10-03',72,'Annieport','Marshall Islands','2020-03-02 20:11:43','2020-08-19 23:27:28');
/*!40000 ALTER TABLE `profiles` ENABLE KEYS */;
UNLOCK TABLES;

--
-- Table structure for table `users`
--

DROP TABLE IF EXISTS `users`;
/*!40101 SET @saved_cs_client     = @@character_set_client */;
/*!50503 SET character_set_client = utf8mb4 */;
CREATE TABLE `users` (
  `id` int unsigned NOT NULL AUTO_INCREMENT COMMENT 'Идентификатор строки',
  `first_name` varchar(100) NOT NULL COMMENT 'Имя пользователя',
  `last_name` varchar(100) NOT NULL COMMENT 'Фамилия пользователя',
  `email` varchar(100) NOT NULL COMMENT 'Почта',
  `phone` varchar(100) NOT NULL COMMENT 'Телефон',
  `created_at` datetime DEFAULT CURRENT_TIMESTAMP COMMENT 'Время создания строки',
  `updated_at` datetime DEFAULT CURRENT_TIMESTAMP ON UPDATE CURRENT_TIMESTAMP COMMENT 'Время обновления строки',
  PRIMARY KEY (`id`),
  UNIQUE KEY `email` (`email`),
  UNIQUE KEY `phone` (`phone`)
) ENGINE=InnoDB AUTO_INCREMENT=101 DEFAULT CHARSET=utf8mb4 COLLATE=utf8mb4_0900_ai_ci COMMENT='Пользователи';
/*!40101 SET character_set_client = @saved_cs_client */;

--
-- Dumping data for table `users`
--

LOCK TABLES `users` WRITE;
/*!40000 ALTER TABLE `users` DISABLE KEYS */;
INSERT INTO `users` VALUES (1,'Emmet','Aufderhar','joel.huels@example.com','(362)368-3979x15065','2020-08-14 21:56:46','2019-12-25 02:14:41'),(2,'Jess','Goodwin','haven34@example.org','(113)716-1815','2019-11-14 07:24:41','2020-03-09 02:37:27'),(3,'Maggie','Stanton','epowlowski@example.net','(835)312-0961','2019-09-08 03:39:37','2020-02-06 08:24:56'),(4,'Jodie','Herzog','dupton@example.com','1-235-898-3057x5113','2020-02-06 17:45:17','2019-09-23 01:28:03'),(5,'Dell','Goyette','kuhlman.virgil@example.net','1-430-899-9082','2019-12-15 13:01:41','2020-01-13 06:47:09'),(6,'Ava','Reichel','terrance38@example.net','625.640.4460','2019-11-29 13:56:33','2020-01-06 19:58:13'),(7,'Garth','Larkin','adolph51@example.net','1-941-191-2983x130','2019-08-30 06:01:20','2020-01-18 12:39:56'),(8,'Ethelyn','Langosh','javier01@example.net','945.557.3443x19407','2019-10-22 12:20:35','2020-06-24 04:35:19'),(9,'Petra','Thompson','easter.leannon@example.net','(117)354-4114x994','2020-06-03 08:20:31','2019-08-30 19:55:29'),(10,'Watson','Blick','watson.krajcik@example.com','(810)145-6194','2020-04-26 18:20:07','2020-03-31 19:43:06'),(11,'Ryley','Runolfsson','cleta.blick@example.net','775-920-1998','2019-09-16 01:57:06','2019-10-06 03:56:16'),(12,'Arnulfo','Baumbach','zhettinger@example.com','1-154-258-8618x1570','2020-02-01 22:14:02','2020-05-19 01:24:49'),(13,'Rashawn','Littel','kmetz@example.org','(334)959-9678x0911','2019-12-09 16:17:50','2020-07-20 17:31:38'),(14,'Vidal','Kovacek','bergnaum.ashlee@example.org','+95(7)1603823677','2019-09-28 14:35:24','2020-07-01 01:59:54'),(15,'Patsy','Williamson','marie58@example.net','717-568-5695','2019-08-23 09:19:53','2020-02-20 06:19:38'),(16,'Robbie','Ziemann','hward@example.net','1-479-542-3719x2051','2020-03-03 07:59:50','2020-04-01 11:03:33'),(17,'Rosella','Sanford','aledner@example.org','(764)255-8708','2020-05-13 19:08:23','2019-12-23 08:45:58'),(18,'Rod','Schuster','vbartoletti@example.com','934-097-3007x397','2020-07-11 23:08:11','2020-03-28 23:07:03'),(19,'Arielle','Jacobson','qjacobs@example.net','819.754.1653','2020-01-07 17:27:56','2019-09-25 11:05:21'),(20,'Charity','Bayer','wunsch.lynn@example.org','448.009.5913','2019-08-30 23:42:48','2019-11-21 03:49:42'),(21,'Ressie','Buckridge','mitchel.dach@example.com','342.919.3982','2019-10-02 13:06:01','2019-12-18 14:33:40'),(22,'Marshall','Bernier','cmonahan@example.net','01160304667','2020-01-20 14:28:25','2020-02-03 09:45:26'),(23,'Madisyn','Rice','herbert.reynolds@example.com','918.951.8125x2354','2020-03-15 18:48:43','2019-10-30 21:52:22'),(24,'Macey','Funk','scorkery@example.com','742.756.3426x075','2020-07-07 09:41:28','2019-11-19 13:31:53'),(25,'Garret','Marks','swift.elton@example.net','095-934-1068x303','2019-11-15 03:39:02','2020-03-09 12:39:52'),(26,'Brielle','Windler','verner.feest@example.org','(900)718-1378x91170','2020-06-02 02:26:06','2020-05-22 22:10:08'),(27,'Alanis','Kovacek','zhomenick@example.net','668-508-7386x6047','2020-05-03 10:58:03','2020-02-21 02:46:30'),(28,'Lane','Farrell','gleason.trinity@example.com','01957341842','2019-10-11 23:41:44','2020-06-26 05:46:17'),(29,'Kaycee','Kovacek','gschroeder@example.org','293.880.6524x14974','2020-05-27 22:54:25','2020-01-22 18:04:05'),(30,'Cameron','Mertz','anna34@example.org','978.379.2792','2020-07-26 04:32:08','2020-04-11 10:15:25'),(31,'Domingo','Hartmann','kristian89@example.org','01597270492','2020-01-20 09:00:18','2020-05-10 16:29:21'),(32,'Pearlie','Jakubowski','ogleichner@example.org','+89(9)7972908305','2019-09-23 15:38:03','2019-11-30 17:37:12'),(33,'Noemie','Quigley','bessie.reilly@example.org','06728632464','2020-05-24 17:08:29','2020-02-12 06:39:17'),(34,'Mario','Russel','stroman.vella@example.net','568-453-6273','2020-03-03 00:13:58','2019-08-24 19:08:45'),(35,'Merle','Littel','crooks.neil@example.net','265.291.8979','2020-08-14 13:37:25','2019-11-18 22:27:32'),(36,'Albin','Friesen','ferne34@example.org','+69(8)8750986580','2020-01-21 12:46:23','2019-11-12 10:53:05'),(37,'Collin','Trantow','auer.finn@example.net','313.369.9560x13344','2019-08-20 19:09:46','2019-09-05 21:18:27'),(38,'Dana','Dare','brekke.simone@example.net','1-864-507-2830','2020-05-17 20:55:07','2020-07-27 15:40:01'),(39,'Cassandre','Yundt','alf97@example.com','633-763-4313','2019-09-08 05:59:18','2019-09-24 17:13:01'),(40,'Melvin','Watsica','lemke.devon@example.net','343.845.0662','2020-05-15 08:33:19','2020-03-07 07:20:20'),(41,'Virgie','Sauer','wnitzsche@example.net','(637)166-6034x28517','2019-12-04 12:35:55','2019-11-12 04:36:33'),(42,'Melody','Tromp','stiedemann.era@example.com','646-784-7770x083','2020-03-24 03:21:36','2020-03-06 08:04:30'),(43,'Whitney','Bahringer','foster83@example.net','653.434.7489','2019-10-19 06:16:31','2020-02-08 07:38:55'),(44,'Lorine','Hansen','thaddeus.mertz@example.com','+09(6)0227554287','2020-03-06 06:34:22','2020-04-17 08:51:49'),(45,'Gilberto','Purdy','alindgren@example.com','(879)507-0979x09302','2020-07-02 02:42:17','2020-03-09 11:50:41'),(46,'Catharine','Kuhlman','omari.halvorson@example.org','804-589-9562x20259','2019-11-28 07:24:51','2019-08-22 13:15:15'),(47,'Eve','Terry','joelle28@example.net','1-829-334-5353','2019-11-17 22:11:08','2020-08-01 22:26:54'),(48,'Elsie','Turner','augusta.mccullough@example.org','049.355.5055x366','2019-09-15 09:02:05','2020-02-02 12:46:31'),(49,'Anais','Rodriguez','yullrich@example.org','+50(5)7776379314','2020-03-14 16:01:09','2020-07-11 04:20:24'),(50,'Tito','Keebler','rubye85@example.net','(166)682-7373','2020-07-29 12:39:17','2019-11-01 04:00:35'),(51,'Laury','OKeefe','tpfeffer@example.com','1-961-506-6232','2019-10-04 16:12:19','2020-02-24 16:27:04'),(52,'Newton','Harber','keshaun.mante@example.com','+40(2)0004155034','2020-07-27 06:47:44','2020-04-11 17:55:53'),(53,'Aaron','Daniel','maxime28@example.net','213.331.8868','2020-06-19 19:13:31','2020-01-14 15:35:26'),(54,'Yvonne','Heller','lolita13@example.net','+48(7)2604055089','2020-05-24 16:33:31','2019-11-18 13:29:10'),(55,'Adolfo','Braun','fosinski@example.net','278.762.3196','2020-06-20 20:28:40','2020-05-18 17:53:07'),(56,'Isai','Stamm','ettie.huels@example.org','1-183-108-5651x165','2020-08-13 00:25:41','2019-12-09 03:56:51'),(57,'Lea','Halvorson','khalil.towne@example.net','846-536-4295','2020-04-13 19:54:52','2019-11-24 22:39:51'),(58,'Lucile','Murray','guido26@example.net','06283661182','2020-08-10 05:04:31','2020-01-18 17:24:38'),(59,'Raquel','Auer','marisa21@example.com','978-864-7001x18821','2019-10-08 22:52:36','2020-01-14 19:03:49'),(60,'Torey','Ondricka','bechtelar.sigrid@example.com','1-697-943-2952','2020-01-27 16:19:37','2019-11-23 06:32:30'),(61,'Birdie','Rodriguez','lauriane84@example.org','+79(6)5878612103','2019-10-03 23:17:27','2020-07-10 23:34:43'),(62,'Verdie','Gorczany','hazel85@example.net','(528)946-7325','2019-10-27 15:03:06','2019-11-26 19:12:16'),(63,'Chyna','Witting','lindgren.bethany@example.org','07782700280','2020-04-16 11:03:38','2020-02-13 01:56:02'),(64,'Randi','Stroman','vonrueden.micaela@example.com','(240)684-3293x827','2020-04-28 00:00:53','2019-12-12 09:34:23'),(65,'Bennett','Tremblay','hegmann.jaylon@example.org','1-511-577-3639','2020-07-08 03:07:38','2019-12-30 00:39:39'),(66,'Talon','Gaylord','julius.gusikowski@example.com','+04(0)2092473609','2020-02-03 21:41:04','2020-05-22 05:09:04'),(67,'Madge','Mohr','preichert@example.org','843-985-1757','2020-02-27 00:15:40','2020-05-19 02:37:59'),(68,'Dorris','Schaden','dina62@example.org','588-601-1417x760','2019-08-23 06:29:45','2019-09-24 00:55:39'),(69,'Adell','Dibbert','pjacobi@example.com','795.713.0844','2019-11-12 01:47:47','2019-09-13 08:10:46'),(70,'Abdullah','McClure','cschowalter@example.org','519-908-7111x9818','2020-08-05 18:58:48','2019-12-20 13:07:51'),(71,'Perry','Romaguera','kayli.romaguera@example.org','(634)669-6519','2019-08-30 11:40:29','2020-03-14 09:03:52'),(72,'Adell','Hoppe','schiller.gussie@example.org','09725899595','2020-01-27 05:15:00','2019-12-17 12:20:20'),(73,'Myrtle','Heaney','keeling.stephon@example.org','1-240-784-8346','2020-04-14 21:32:39','2019-08-23 21:37:26'),(74,'Josefa','Hettinger','emmerich.barton@example.com','1-430-779-0687','2020-06-12 15:07:37','2019-09-13 17:22:41'),(75,'Bobby','Mohr','jrice@example.com','03058925957','2020-07-23 06:46:27','2020-02-15 05:21:33'),(76,'Marjolaine','Howe','glennie.cronin@example.com','376.629.6198x584','2020-05-24 20:37:22','2019-10-08 10:45:04'),(77,'Graciela','Kuhic','neal.west@example.net','(908)816-3819','2020-02-11 01:16:21','2020-05-08 18:43:33'),(78,'Viva','Waters','quitzon.adrienne@example.org','08208671692','2020-02-06 09:36:26','2020-02-13 11:05:55'),(79,'Rudolph','Kertzmann','wiegand.lazaro@example.org','179.041.3463','2020-01-08 19:31:26','2019-10-11 17:25:01'),(80,'Jaquan','Pacocha','leo51@example.net','(226)755-7887x620','2019-09-18 15:30:54','2020-08-16 16:22:39'),(81,'Timmothy','Schroeder','aaron.koepp@example.net','189.042.7296x2194','2019-11-23 23:00:28','2020-03-10 07:33:24'),(82,'Cade','Kuvalis','ohauck@example.org','993-121-7760x60170','2019-08-25 15:59:27','2020-08-08 12:59:36'),(83,'Rowland','Jast','tyrell96@example.com','1-172-145-2816','2020-07-10 06:10:15','2020-03-30 12:55:10'),(84,'Shanna','Haag','kassulke.allison@example.org','727.388.3680x523','2020-02-29 10:30:09','2019-10-12 18:09:55'),(85,'Francesco','Bartell','willy.hoppe@example.org','06409498853','2019-10-28 09:14:21','2019-11-23 21:26:21'),(86,'Erica','Orn','rhea13@example.com','+79(3)1026772686','2019-09-19 14:34:12','2019-10-23 08:49:41'),(87,'Eulah','Wolf','mgaylord@example.net','1-070-562-1242x85652','2020-03-26 07:42:50','2020-05-31 09:43:51'),(88,'Keegan','Deckow','fay.mckayla@example.net','(404)730-2550','2020-05-25 08:46:41','2019-12-11 12:17:55'),(89,'Minnie','Marks','merl.pfannerstill@example.net','06985935937','2020-04-28 05:36:36','2019-10-12 18:21:48'),(90,'Leora','Schultz','cassandre65@example.com','1-355-905-1620x5684','2019-11-28 17:22:54','2020-03-10 17:39:05'),(91,'Larue','Kiehn','kristian.stanton@example.org','+63(9)7914932655','2019-12-19 03:19:21','2020-02-19 03:57:01'),(92,'Justyn','Heidenreich','fleannon@example.net','(713)976-5712','2020-04-04 19:15:55','2020-01-11 09:16:35'),(93,'Candido','Flatley','collins.abbey@example.com','345.812.9652','2020-03-30 11:02:25','2020-04-28 22:36:23'),(94,'Talon','Herman','broderick.breitenberg@example.net','093.647.2500','2020-06-23 10:47:25','2020-07-25 20:27:00'),(95,'Tristin','Streich','strosin.jameson@example.org','1-284-930-0702','2020-07-17 22:39:10','2020-04-14 22:26:47'),(96,'Bartholome','Baumbach','jaqueline.graham@example.net','021-815-8863','2020-05-04 08:51:33','2019-11-18 09:15:25'),(97,'Derrick','Ullrich','sonny42@example.org','723.822.4114x8357','2020-01-22 04:36:07','2020-01-04 08:24:36'),(98,'Cruz','Bruen','lucinda26@example.net','+57(3)6875472762','2020-03-22 01:53:03','2020-03-11 14:16:29'),(99,'Horace','Wolff','hcassin@example.com','(281)678-5401x529','2020-03-21 05:44:03','2020-01-28 06:00:57'),(100,'Paris','Hammes','lueilwitz.braxton@example.com','(692)475-9899x5633','2020-05-17 11:00:03','2020-06-25 13:07:37');
/*!40000 ALTER TABLE `users` ENABLE KEYS */;
UNLOCK TABLES;
/*!40103 SET TIME_ZONE=@OLD_TIME_ZONE */;

/*!40101 SET SQL_MODE=@OLD_SQL_MODE */;
/*!40014 SET FOREIGN_KEY_CHECKS=@OLD_FOREIGN_KEY_CHECKS */;
/*!40014 SET UNIQUE_CHECKS=@OLD_UNIQUE_CHECKS */;
/*!40101 SET CHARACTER_SET_CLIENT=@OLD_CHARACTER_SET_CLIENT */;
/*!40101 SET CHARACTER_SET_RESULTS=@OLD_CHARACTER_SET_RESULTS */;
/*!40101 SET COLLATION_CONNECTION=@OLD_COLLATION_CONNECTION */;
/*!40111 SET SQL_NOTES=@OLD_SQL_NOTES */;

-- Dump completed on 2020-08-19 23:31:55
