-- MySQL dump 10.13  Distrib 8.0.21, for Win64 (x86_64)
--
-- Host: localhost    Database: historyprice
-- ------------------------------------------------------
-- Server version	8.0.21

/*!40101 SET @OLD_CHARACTER_SET_CLIENT=@@CHARACTER_SET_CLIENT */;
/*!40101 SET @OLD_CHARACTER_SET_RESULTS=@@CHARACTER_SET_RESULTS */;
/*!40101 SET @OLD_COLLATION_CONNECTION=@@COLLATION_CONNECTION */;
/*!50503 SET NAMES utf8mb4 */;
/*!40103 SET @OLD_TIME_ZONE=@@TIME_ZONE */;
/*!40103 SET TIME_ZONE='+00:00' */;
/*!40014 SET @OLD_UNIQUE_CHECKS=@@UNIQUE_CHECKS, UNIQUE_CHECKS=0 */;
/*!40014 SET @OLD_FOREIGN_KEY_CHECKS=@@FOREIGN_KEY_CHECKS, FOREIGN_KEY_CHECKS=0 */;
/*!40101 SET @OLD_SQL_MODE=@@SQL_MODE, SQL_MODE='NO_AUTO_VALUE_ON_ZERO' */;
/*!40111 SET @OLD_SQL_NOTES=@@SQL_NOTES, SQL_NOTES=0 */;

--
-- Table structure for table `categories`
--

DROP TABLE IF EXISTS `categories`;
/*!40101 SET @saved_cs_client     = @@character_set_client */;
/*!50503 SET character_set_client = utf8mb4 */;
CREATE TABLE `categories` (
  `id` int unsigned NOT NULL AUTO_INCREMENT COMMENT 'Идентификатор строки',
  `name` varchar(255) NOT NULL COMMENT 'Название категории',
  `created_at` datetime DEFAULT CURRENT_TIMESTAMP COMMENT 'Время создания строки',
  `updated_at` datetime DEFAULT CURRENT_TIMESTAMP ON UPDATE CURRENT_TIMESTAMP COMMENT 'Время обновления строки',
  PRIMARY KEY (`id`)
) ENGINE=InnoDB AUTO_INCREMENT=10 DEFAULT CHARSET=utf8mb4 COLLATE=utf8mb4_0900_ai_ci COMMENT='Категории товаров';
/*!40101 SET character_set_client = @saved_cs_client */;

--
-- Dumping data for table `categories`
--

LOCK TABLES `categories` WRITE;
/*!40000 ALTER TABLE `categories` DISABLE KEYS */;
INSERT INTO `categories` VALUES (1,'Смартфоны','2020-10-12 23:04:08','2020-10-12 23:04:08'),(2,'Ноутбуки','2020-10-12 23:04:08','2020-10-12 23:04:08'),(3,'Телевизоры','2020-10-12 23:04:08','2020-10-12 23:04:08'),(4,'Мониторы','2020-10-12 23:04:08','2020-10-12 23:04:08'),(5,'Наушники','2020-10-12 23:04:08','2020-10-12 23:04:08'),(6,'Холодильники','2020-10-12 23:04:08','2020-10-12 23:04:08'),(7,'Игрушки','2020-10-12 23:04:08','2020-10-12 23:04:08'),(8,'Сувениры','2020-10-12 23:04:08','2020-10-12 23:04:08'),(9,'Утюги','2020-10-12 23:04:08','2020-10-12 23:04:08');
/*!40000 ALTER TABLE `categories` ENABLE KEYS */;
UNLOCK TABLES;

--
-- Table structure for table `prices`
--

DROP TABLE IF EXISTS `prices`;
/*!40101 SET @saved_cs_client     = @@character_set_client */;
/*!50503 SET character_set_client = utf8mb4 */;
CREATE TABLE `prices` (
  `id` int unsigned NOT NULL AUTO_INCREMENT COMMENT 'Идентификатор строки',
  `price` decimal(18,2) NOT NULL COMMENT 'Цена товара',
  `price_date` datetime NOT NULL COMMENT 'Дата цены товара',
  `product_id` int unsigned NOT NULL COMMENT 'Ссылка на товар',
  `created_at` datetime DEFAULT CURRENT_TIMESTAMP COMMENT 'Время создания строки',
  `updated_at` datetime DEFAULT CURRENT_TIMESTAMP ON UPDATE CURRENT_TIMESTAMP COMMENT 'Время обновления строки',
  PRIMARY KEY (`id`),
  KEY `prices_product_id_idx` (`product_id`),
  CONSTRAINT `prices_product_id_fk` FOREIGN KEY (`product_id`) REFERENCES `products` (`id`)
) ENGINE=InnoDB AUTO_INCREMENT=128 DEFAULT CHARSET=utf8mb4 COLLATE=utf8mb4_0900_ai_ci COMMENT='Цены';
/*!40101 SET character_set_client = @saved_cs_client */;

--
-- Dumping data for table `prices`
--

LOCK TABLES `prices` WRITE;
/*!40000 ALTER TABLE `prices` DISABLE KEYS */;
INSERT INTO `prices` VALUES (1,41740.00,'2019-12-20 00:00:00',86,'2019-12-20 12:05:55','2020-10-12 23:23:46'),(2,20024.00,'2019-11-09 00:00:00',49,'2019-11-09 14:41:49','2020-10-12 23:24:02'),(3,95799.00,'2020-01-21 00:00:00',51,'2020-01-21 06:28:34','2020-10-12 23:24:02'),(4,30979.00,'2020-01-13 00:00:00',23,'2020-01-13 05:07:08','2020-10-12 23:24:02'),(5,17419.00,'2019-10-12 00:00:00',82,'2019-10-12 03:00:58','2020-10-12 23:24:02'),(6,43151.00,'2019-12-28 00:00:00',39,'2019-12-28 00:06:23','2020-10-12 23:24:02'),(7,54095.00,'2020-06-23 00:00:00',96,'2020-06-23 01:19:00','2020-10-12 23:24:02'),(8,30448.00,'2020-05-19 00:00:00',78,'2020-05-19 01:34:49','2020-10-12 23:12:37'),(9,82660.00,'2020-06-01 00:00:00',15,'2020-06-01 02:26:05','2020-10-12 23:12:37'),(10,87509.00,'2020-01-27 00:00:00',67,'2020-01-27 19:04:35','2020-10-12 23:12:37'),(11,9742.00,'2019-11-07 00:00:00',34,'2019-11-07 00:27:32','2020-10-12 23:12:37'),(12,88524.00,'2020-03-07 00:00:00',43,'2020-03-07 15:10:47','2020-10-12 23:12:37'),(13,85283.00,'2020-07-13 00:00:00',10,'2020-07-13 20:13:43','2020-10-12 23:12:37'),(14,14673.00,'2020-08-01 00:00:00',94,'2020-08-01 21:05:09','2020-10-12 23:12:37'),(15,2236.00,'2019-08-31 00:00:00',89,'2019-08-31 09:57:51','2020-10-12 23:12:37'),(16,1428.00,'2020-04-04 00:00:00',41,'2020-04-04 12:34:04','2020-10-12 23:12:37'),(17,98008.00,'2019-09-09 00:00:00',80,'2019-09-09 12:08:35','2020-10-12 23:12:37'),(18,40316.00,'2020-02-23 00:00:00',47,'2020-02-23 00:08:45','2020-10-12 23:12:37'),(19,74938.00,'2020-01-16 00:00:00',59,'2020-01-16 19:06:18','2020-10-12 23:12:37'),(20,51982.00,'2019-12-21 00:00:00',95,'2019-12-21 04:56:09','2020-10-12 23:12:37'),(21,4225.00,'2019-10-15 00:00:00',72,'2019-10-15 00:01:05','2020-10-12 23:12:37'),(22,3433.00,'2019-09-27 00:00:00',3,'2019-09-27 02:22:22','2020-10-12 23:12:37'),(23,18206.00,'2019-10-25 00:00:00',5,'2019-10-25 23:25:07','2020-10-12 23:12:37'),(24,6017.00,'2020-01-08 00:00:00',72,'2020-01-08 02:07:28','2020-10-12 23:12:37'),(25,41472.00,'2020-03-07 00:00:00',12,'2020-03-07 05:14:01','2020-10-12 23:12:37'),(26,24815.00,'2020-08-04 00:00:00',70,'2020-08-04 16:47:21','2020-10-12 23:12:37'),(27,89244.00,'2020-01-13 00:00:00',12,'2020-01-13 07:20:24','2020-10-12 23:12:37'),(28,63314.00,'2020-08-06 00:00:00',6,'2020-08-06 18:48:39','2020-10-12 23:12:37'),(29,90774.00,'2019-11-01 00:00:00',96,'2019-11-01 17:17:38','2020-10-12 23:12:37'),(30,45875.00,'2019-12-30 00:00:00',63,'2019-12-30 00:08:31','2020-10-12 23:12:37'),(31,45659.00,'2020-05-07 00:00:00',36,'2020-05-07 00:25:54','2020-10-12 23:12:37'),(32,45647.00,'2020-07-21 00:00:00',16,'2020-07-21 05:58:26','2020-10-12 23:12:37'),(33,47372.00,'2020-03-02 00:00:00',77,'2020-03-02 03:59:24','2020-10-12 23:12:37'),(34,80256.00,'2020-06-30 00:00:00',4,'2020-06-30 23:50:21','2020-10-12 23:12:37'),(35,89526.00,'2020-04-01 00:00:00',86,'2020-04-01 12:30:00','2020-10-12 23:12:37'),(36,69693.00,'2020-01-31 00:00:00',87,'2020-01-31 15:53:50','2020-10-12 23:12:37'),(37,9443.00,'2020-03-25 00:00:00',83,'2020-03-25 11:13:52','2020-10-12 23:12:37'),(38,43189.00,'2020-03-04 00:00:00',94,'2020-03-04 20:11:06','2020-10-12 23:12:37'),(39,26605.00,'2020-04-11 00:00:00',31,'2020-04-11 16:14:36','2020-10-12 23:12:37'),(40,7806.00,'2020-03-17 00:00:00',37,'2020-03-17 15:45:51','2020-10-12 23:12:37'),(41,99862.00,'2020-03-31 00:00:00',24,'2020-03-31 17:50:10','2020-10-12 23:12:37'),(42,18140.00,'2020-04-23 00:00:00',23,'2020-04-23 05:10:40','2020-10-12 23:12:37'),(43,36896.00,'2020-05-19 00:00:00',18,'2020-05-19 22:31:41','2020-10-12 23:12:37'),(44,28764.00,'2020-03-17 00:00:00',28,'2020-03-17 14:21:34','2020-10-12 23:12:37'),(45,5460.00,'2020-02-28 00:00:00',58,'2020-02-28 10:36:29','2020-10-12 23:12:37'),(46,35873.00,'2019-11-27 00:00:00',50,'2019-11-27 21:18:22','2020-10-12 23:12:37'),(47,23451.00,'2020-06-03 00:00:00',26,'2020-06-03 00:04:32','2020-10-12 23:12:37'),(48,13724.00,'2020-01-07 00:00:00',37,'2020-01-07 13:10:34','2020-10-12 23:12:37'),(49,40696.00,'2020-08-02 00:00:00',56,'2020-08-02 04:53:11','2020-10-12 23:12:37'),(50,40715.00,'2019-11-13 00:00:00',32,'2019-11-13 13:11:58','2020-10-12 23:12:37'),(51,98324.00,'2020-03-05 00:00:00',4,'2020-03-05 23:46:02','2020-10-12 23:12:37'),(52,92726.00,'2019-09-27 00:00:00',77,'2019-09-27 16:42:36','2020-10-12 23:12:37'),(53,67888.00,'2020-01-17 00:00:00',29,'2020-01-17 13:20:27','2020-10-12 23:12:37'),(54,46345.00,'2019-08-21 00:00:00',50,'2019-08-21 04:33:04','2020-10-12 23:12:37'),(55,60573.00,'2020-08-06 00:00:00',80,'2020-08-06 15:12:49','2020-10-12 23:12:37'),(56,24777.00,'2020-01-12 00:00:00',61,'2020-01-12 17:51:38','2020-10-12 23:12:37'),(57,16618.00,'2020-07-25 00:00:00',38,'2020-07-25 06:59:33','2020-10-12 23:12:37'),(58,83757.00,'2020-04-29 00:00:00',66,'2020-04-29 01:06:32','2020-10-12 23:12:37'),(59,32814.00,'2020-01-13 00:00:00',17,'2020-01-13 15:51:10','2020-10-12 23:12:37'),(60,60655.00,'2020-05-21 00:00:00',12,'2020-05-21 07:40:55','2020-10-12 23:12:37'),(61,48121.00,'2020-03-01 00:00:00',66,'2020-03-01 00:59:20','2020-10-12 23:12:37'),(62,59406.00,'2020-06-06 00:00:00',40,'2020-06-06 09:14:15','2020-10-12 23:12:37'),(63,86623.00,'2020-01-21 00:00:00',73,'2020-01-21 20:21:41','2020-10-12 23:12:37'),(64,2193.00,'2019-08-25 00:00:00',12,'2019-08-25 05:31:39','2020-10-12 23:12:37'),(65,53057.00,'2019-12-14 00:00:00',72,'2019-12-14 10:33:19','2020-10-12 23:12:37'),(66,79348.00,'2019-09-24 00:00:00',47,'2019-09-24 09:16:38','2020-10-12 23:12:37'),(67,21106.00,'2020-05-15 00:00:00',52,'2020-05-15 09:35:33','2020-10-12 23:12:37'),(68,77883.00,'2019-11-09 00:00:00',48,'2019-11-09 04:35:15','2020-10-12 23:12:37'),(69,80824.00,'2020-06-19 00:00:00',43,'2020-06-19 18:34:51','2020-10-12 23:12:37'),(70,25708.00,'2019-09-17 00:00:00',73,'2019-09-17 22:49:20','2020-10-12 23:12:37'),(71,52053.00,'2019-12-17 00:00:00',6,'2019-12-17 10:46:55','2020-10-12 23:12:37'),(72,48637.00,'2020-07-23 00:00:00',41,'2020-07-23 15:14:53','2020-10-12 23:12:37'),(73,46634.00,'2020-05-09 00:00:00',18,'2020-05-09 03:56:16','2020-10-12 23:12:37'),(74,39324.00,'2020-03-05 00:00:00',76,'2020-03-05 11:10:28','2020-10-12 23:12:37'),(75,18446.00,'2020-06-05 00:00:00',67,'2020-06-05 04:40:36','2020-10-12 23:12:37'),(76,87560.00,'2019-09-02 00:00:00',88,'2019-09-02 19:15:56','2020-10-12 23:12:37'),(77,88628.00,'2019-11-06 00:00:00',70,'2019-11-06 22:48:16','2020-10-12 23:12:37'),(78,86903.00,'2019-12-10 00:00:00',30,'2019-12-10 18:38:31','2020-10-12 23:12:37'),(79,44511.00,'2020-01-05 00:00:00',41,'2020-01-05 20:04:25','2020-10-12 23:12:37'),(80,54594.00,'2019-10-08 00:00:00',97,'2019-10-08 04:25:20','2020-10-12 23:12:37'),(81,27684.00,'2019-09-21 00:00:00',78,'2019-09-21 05:06:04','2020-10-12 23:12:37'),(82,25656.00,'2019-09-11 00:00:00',1,'2019-09-11 11:55:07','2020-10-12 23:12:37'),(83,29304.00,'2019-09-13 00:00:00',21,'2019-09-13 08:10:07','2020-10-12 23:12:37'),(84,16880.00,'2020-07-28 00:00:00',81,'2020-07-28 14:15:56','2020-10-12 23:12:37'),(85,47998.00,'2020-06-03 00:00:00',39,'2020-06-03 07:31:38','2020-10-12 23:12:37'),(86,51039.00,'2020-02-11 00:00:00',19,'2020-02-11 09:28:43','2020-10-12 23:12:37'),(87,28773.00,'2020-06-12 00:00:00',96,'2020-06-12 03:09:48','2020-10-12 23:12:37'),(88,78341.00,'2020-04-30 00:00:00',53,'2020-04-30 07:18:26','2020-10-12 23:12:37'),(89,20528.00,'2020-03-14 00:00:00',31,'2020-03-14 06:16:57','2020-10-12 23:12:37'),(90,75964.00,'2020-02-01 00:00:00',7,'2020-02-01 09:09:04','2020-10-12 23:12:37'),(91,49564.00,'2020-03-15 00:00:00',55,'2020-03-15 04:14:41','2020-10-12 23:12:37'),(92,49048.00,'2019-11-15 00:00:00',79,'2019-11-15 06:07:34','2020-10-12 23:12:37'),(93,76846.00,'2019-10-30 00:00:00',4,'2019-10-30 03:44:56','2020-10-12 23:12:37'),(94,9638.00,'2019-09-15 00:00:00',68,'2019-09-15 02:22:15','2020-10-12 23:12:37'),(95,82513.00,'2020-05-24 00:00:00',42,'2020-05-24 05:03:27','2020-10-12 23:12:37'),(96,72013.00,'2019-09-16 00:00:00',84,'2019-09-16 06:10:35','2020-10-12 23:12:37'),(97,16635.00,'2019-11-01 00:00:00',6,'2019-11-01 13:19:21','2020-10-12 23:12:37'),(98,58958.00,'2020-03-26 00:00:00',61,'2020-03-26 20:41:54','2020-10-12 23:12:37'),(99,61482.00,'2019-09-29 00:00:00',7,'2019-09-29 23:00:26','2020-10-12 23:12:37'),(100,28536.00,'2019-10-21 00:00:00',82,'2019-10-21 15:20:19','2020-10-12 23:12:37');
/*!40000 ALTER TABLE `prices` ENABLE KEYS */;
UNLOCK TABLES;

--
-- Table structure for table `products`
--

DROP TABLE IF EXISTS `products`;
/*!40101 SET @saved_cs_client     = @@character_set_client */;
/*!50503 SET character_set_client = utf8mb4 */;
CREATE TABLE `products` (
  `id` int unsigned NOT NULL AUTO_INCREMENT COMMENT 'Идентификатор строки',
  `article` varchar(255) NOT NULL COMMENT 'Артикул товара',
  `name` varchar(255) NOT NULL COMMENT 'Название товара',
  `description` text NOT NULL COMMENT 'Описание товара',
  `shop_id` int unsigned NOT NULL COMMENT 'Ссылка на магазин',
  `url` varchar(255) NOT NULL COMMENT 'Адрес товара',
  `category_id` int unsigned NOT NULL COMMENT 'Ссылка на категорию',
  `created_at` datetime DEFAULT CURRENT_TIMESTAMP COMMENT 'Время создания строки',
  `updated_at` datetime DEFAULT CURRENT_TIMESTAMP ON UPDATE CURRENT_TIMESTAMP COMMENT 'Время обновления строки',
  PRIMARY KEY (`id`),
  KEY `products_shop_id_fk` (`shop_id`),
  KEY `products_category_id_fk` (`category_id`),
  CONSTRAINT `products_category_id_fk` FOREIGN KEY (`category_id`) REFERENCES `categories` (`id`),
  CONSTRAINT `products_shop_id_fk` FOREIGN KEY (`shop_id`) REFERENCES `shops` (`id`)
) ENGINE=InnoDB AUTO_INCREMENT=135 DEFAULT CHARSET=utf8mb4 COLLATE=utf8mb4_0900_ai_ci COMMENT='Товары';
/*!40101 SET character_set_client = @saved_cs_client */;

--
-- Dumping data for table `products`
--

LOCK TABLES `products` WRITE;
/*!40000 ALTER TABLE `products` DISABLE KEYS */;
INSERT INTO `products` VALUES (1,'Herman-6','Herman','Холодильники | Название: Herman | Артикул: Herman-6',7,'https://dolorem.com/Herman.html',6,'2019-12-20 12:05:55','2020-10-12 23:23:46'),(2,'Streich-3','Streich','Наушники | Название: Streich | Артикул: Streich-3',10,'https://quia.ru/Streich.html',5,'2019-11-09 14:41:49','2020-10-12 23:24:02'),(3,'Baumbach-1','Baumbach','Утюги | Название: Baumbach | Артикул: Baumbach-1',12,'https://eveniet.ru/Baumbach.html',9,'2020-01-21 06:28:34','2020-10-12 23:24:02'),(4,'Ullrich-8','Ullrich','Ноутбуки | Название: Ullrich | Артикул: Ullrich-8',12,'https://eveniet.ru/Ullrich.html',2,'2020-01-13 05:07:08','2020-10-12 23:24:02'),(5,'Bruen-4','Bruen','Телевизоры | Название: Bruen | Артикул: Bruen-4',2,'https://ratione.ru/Bruen.html',3,'2019-10-12 03:00:58','2020-10-12 23:24:02'),(6,'Wolff-4','Wolff','Сувениры | Название: Wolff | Артикул: Wolff-4',16,'https://perferendis.ru/Wolff.html',8,'2019-12-28 00:06:23','2020-10-12 23:24:02'),(7,'Hammes-7','Hammes','Ноутбуки | Название: Hammes | Артикул: Hammes-7',1,'https://alias.ru/Hammes.html',2,'2020-06-23 01:19:00','2020-10-12 23:24:02'),(8,'Aufderhar-7','Aufderhar','Наушники | Название: Aufderhar | Артикул: Aufderhar-7',3,'https://sequi.com/Aufderhar.html',5,'2020-05-19 01:34:49','2020-10-12 23:12:37'),(9,'Goodwin-2','Goodwin','Холодильники | Название: Goodwin | Артикул: Goodwin-2',9,'https://consequatur.ru/Goodwin.html',6,'2020-06-01 02:26:05','2020-10-12 23:12:37'),(10,'Stanton-7','Stanton','Холодильники | Название: Stanton | Артикул: Stanton-7',16,'https://perferendis.ru/Stanton.html',6,'2020-01-27 19:04:35','2020-10-12 23:12:37'),(11,'Herzog-1','Herzog','Сувениры | Название: Herzog | Артикул: Herzog-1',4,'https://quis.ru/Herzog.html',8,'2019-11-07 00:27:32','2020-10-12 23:12:37'),(12,'Goyette-4','Goyette','Ноутбуки | Название: Goyette | Артикул: Goyette-4',14,'https://et.com/Goyette.html',2,'2020-03-07 15:10:47','2020-10-12 23:12:37'),(13,'Reichel-9','Reichel','Ноутбуки | Название: Reichel | Артикул: Reichel-9',20,'https://cum.ru/Reichel.html',2,'2020-07-13 20:13:43','2020-10-12 23:12:37'),(14,'Larkin-1','Larkin','Сувениры | Название: Larkin | Артикул: Larkin-1',12,'https://eveniet.ru/Larkin.html',8,'2020-08-01 21:05:09','2020-10-12 23:12:37'),(15,'Langosh-4','Langosh','Телевизоры | Название: Langosh | Артикул: Langosh-4',11,'https://pariatur.ru/Langosh.html',3,'2019-08-31 09:57:51','2020-10-12 23:12:37'),(16,'Thompson-1','Thompson','Ноутбуки | Название: Thompson | Артикул: Thompson-1',10,'https://quia.ru/Thompson.html',2,'2020-04-04 12:34:04','2020-10-12 23:12:37'),(17,'Blick-5','Blick','Смартфоны | Название: Blick | Артикул: Blick-5',18,'https://quisquam.com/Blick.html',1,'2019-09-09 12:08:35','2020-10-12 23:12:37'),(18,'Runolfsson-3','Runolfsson','Игрушки | Название: Runolfsson | Артикул: Runolfsson-3',11,'https://pariatur.ru/Runolfsson.html',7,'2020-02-23 00:08:45','2020-10-12 23:12:37'),(19,'Baumbach-2','Baumbach','Сувениры | Название: Baumbach | Артикул: Baumbach-2',14,'https://et.com/Baumbach.html',8,'2020-01-16 19:06:18','2020-10-12 23:12:37'),(20,'Littel-9','Littel','Сувениры | Название: Littel | Артикул: Littel-9',12,'https://eveniet.ru/Littel.html',8,'2019-12-21 04:56:09','2020-10-12 23:12:37'),(21,'Kovacek-7','Kovacek','Холодильники | Название: Kovacek | Артикул: Kovacek-7',15,'https://at.ru/Kovacek.html',6,'2019-10-15 00:01:05','2020-10-12 23:12:37'),(22,'Williamson-9','Williamson','Холодильники | Название: Williamson | Артикул: Williamson-9',18,'https://quisquam.com/Williamson.html',6,'2019-09-27 02:22:22','2020-10-12 23:12:37'),(23,'Ziemann-3','Ziemann','Сувениры | Название: Ziemann | Артикул: Ziemann-3',11,'https://pariatur.ru/Ziemann.html',8,'2019-10-25 23:25:07','2020-10-12 23:12:37'),(24,'Sanford-4','Sanford','Мониторы | Название: Sanford | Артикул: Sanford-4',15,'https://at.ru/Sanford.html',4,'2020-01-08 02:07:28','2020-10-12 23:12:37'),(25,'Schuster-8','Schuster','Сувениры | Название: Schuster | Артикул: Schuster-8',18,'https://quisquam.com/Schuster.html',8,'2020-03-07 05:14:01','2020-10-12 23:12:37'),(26,'Jacobson-6','Jacobson','Телевизоры | Название: Jacobson | Артикул: Jacobson-6',13,'https://deleniti.ru/Jacobson.html',3,'2020-08-04 16:47:21','2020-10-12 23:12:37'),(27,'Bayer-6','Bayer','Ноутбуки | Название: Bayer | Артикул: Bayer-6',20,'https://cum.ru/Bayer.html',2,'2020-01-13 07:20:24','2020-10-12 23:12:37'),(28,'Buckridge-7','Buckridge','Телевизоры | Название: Buckridge | Артикул: Buckridge-7',7,'https://dolorem.com/Buckridge.html',3,'2020-08-06 18:48:39','2020-10-12 23:12:37'),(29,'Bernier-6','Bernier','Холодильники | Название: Bernier | Артикул: Bernier-6',7,'https://dolorem.com/Bernier.html',6,'2019-11-01 17:17:38','2020-10-12 23:12:37'),(30,'Rice-1','Rice','Игрушки | Название: Rice | Артикул: Rice-1',8,'https://repellendus.ru/Rice.html',7,'2019-12-30 00:08:31','2020-10-12 23:12:37'),(31,'Funk-4','Funk','Игрушки | Название: Funk | Артикул: Funk-4',16,'https://perferendis.ru/Funk.html',7,'2020-05-07 00:25:54','2020-10-12 23:12:37'),(32,'Marks-2','Marks','Ноутбуки | Название: Marks | Артикул: Marks-2',20,'https://cum.ru/Marks.html',2,'2020-07-21 05:58:26','2020-10-12 23:12:37'),(33,'Windler-1','Windler','Телевизоры | Название: Windler | Артикул: Windler-1',19,'https://placeat.ru/Windler.html',3,'2020-03-02 03:59:24','2020-10-12 23:12:37'),(34,'Kovacek-4','Kovacek','Игрушки | Название: Kovacek | Артикул: Kovacek-4',9,'https://consequatur.ru/Kovacek.html',7,'2020-06-30 23:50:21','2020-10-12 23:12:37'),(35,'Farrell-6','Farrell','Телевизоры | Название: Farrell | Артикул: Farrell-6',12,'https://eveniet.ru/Farrell.html',3,'2020-04-01 12:30:00','2020-10-12 23:12:37'),(36,'Kovacek-5','Kovacek','Мониторы | Название: Kovacek | Артикул: Kovacek-5',16,'https://perferendis.ru/Kovacek.html',4,'2020-01-31 15:53:50','2020-10-12 23:12:37'),(37,'Mertz-4','Mertz','Утюги | Название: Mertz | Артикул: Mertz-4',1,'https://alias.ru/Mertz.html',9,'2020-03-25 11:13:52','2020-10-12 23:12:37'),(38,'Hartmann-7','Hartmann','Телевизоры | Название: Hartmann | Артикул: Hartmann-7',19,'https://placeat.ru/Hartmann.html',3,'2020-03-04 20:11:06','2020-10-12 23:12:37'),(39,'Jakubowski-8','Jakubowski','Утюги | Название: Jakubowski | Артикул: Jakubowski-8',2,'https://ratione.ru/Jakubowski.html',9,'2020-04-11 16:14:36','2020-10-12 23:12:37'),(40,'Quigley-4','Quigley','Мониторы | Название: Quigley | Артикул: Quigley-4',7,'https://dolorem.com/Quigley.html',4,'2020-03-17 15:45:51','2020-10-12 23:12:37'),(41,'Russel-2','Russel','Смартфоны | Название: Russel | Артикул: Russel-2',6,'https://earum.ru/Russel.html',1,'2020-03-31 17:50:10','2020-10-12 23:12:37'),(42,'Littel-5','Littel','Утюги | Название: Littel | Артикул: Littel-5',11,'https://pariatur.ru/Littel.html',9,'2020-04-23 05:10:40','2020-10-12 23:12:37'),(43,'Friesen-2','Friesen','Холодильники | Название: Friesen | Артикул: Friesen-2',16,'https://perferendis.ru/Friesen.html',6,'2020-05-19 22:31:41','2020-10-12 23:12:37'),(44,'Trantow-7','Trantow','Сувениры | Название: Trantow | Артикул: Trantow-7',17,'https://autem.ru/Trantow.html',8,'2020-03-17 14:21:34','2020-10-12 23:12:37'),(45,'Dare-8','Dare','Холодильники | Название: Dare | Артикул: Dare-8',13,'https://deleniti.ru/Dare.html',6,'2020-02-28 10:36:29','2020-10-12 23:12:37'),(46,'Yundt-1','Yundt','Игрушки | Название: Yundt | Артикул: Yundt-1',8,'https://repellendus.ru/Yundt.html',7,'2019-11-27 21:18:22','2020-10-12 23:12:37'),(47,'Watsica-7','Watsica','Наушники | Название: Watsica | Артикул: Watsica-7',7,'https://dolorem.com/Watsica.html',5,'2020-06-03 00:04:32','2020-10-12 23:12:37'),(48,'Sauer-4','Sauer','Холодильники | Название: Sauer | Артикул: Sauer-4',11,'https://pariatur.ru/Sauer.html',6,'2020-01-07 13:10:34','2020-10-12 23:12:37'),(49,'Tromp-2','Tromp','Холодильники | Название: Tromp | Артикул: Tromp-2',1,'https://alias.ru/Tromp.html',6,'2020-08-02 04:53:11','2020-10-12 23:12:37'),(50,'Bahringer-1','Bahringer','Смартфоны | Название: Bahringer | Артикул: Bahringer-1',5,'https://veritatis.ru/Bahringer.html',1,'2019-11-13 13:11:58','2020-10-12 23:12:37'),(51,'Hansen-6','Hansen','Смартфоны | Название: Hansen | Артикул: Hansen-6',20,'https://cum.ru/Hansen.html',1,'2020-03-05 23:46:02','2020-10-12 23:12:37'),(52,'Purdy-4','Purdy','Телевизоры | Название: Purdy | Артикул: Purdy-4',14,'https://et.com/Purdy.html',3,'2019-09-27 16:42:36','2020-10-12 23:12:37'),(53,'Kuhlman-5','Kuhlman','Наушники | Название: Kuhlman | Артикул: Kuhlman-5',12,'https://eveniet.ru/Kuhlman.html',5,'2020-01-17 13:20:27','2020-10-12 23:12:37'),(54,'Terry-5','Terry','Сувениры | Название: Terry | Артикул: Terry-5',2,'https://ratione.ru/Terry.html',8,'2019-08-21 04:33:04','2020-10-12 23:12:37'),(55,'Turner-9','Turner','Телевизоры | Название: Turner | Артикул: Turner-9',9,'https://consequatur.ru/Turner.html',3,'2020-08-06 15:12:49','2020-10-12 23:12:37'),(56,'Rodriguez-8','Rodriguez','Ноутбуки | Название: Rodriguez | Артикул: Rodriguez-8',11,'https://pariatur.ru/Rodriguez.html',2,'2020-01-12 17:51:38','2020-10-12 23:12:37'),(57,'Keebler-2','Keebler','Наушники | Название: Keebler | Артикул: Keebler-2',4,'https://quis.ru/Keebler.html',5,'2020-07-25 06:59:33','2020-10-12 23:12:37'),(58,'OKeefe-9','OKeefe','Сувениры | Название: OKeefe | Артикул: OKeefe-9',8,'https://repellendus.ru/OKeefe.html',8,'2020-04-29 01:06:32','2020-10-12 23:12:37'),(59,'Harber-3','Harber','Холодильники | Название: Harber | Артикул: Harber-3',19,'https://placeat.ru/Harber.html',6,'2020-01-13 15:51:10','2020-10-12 23:12:37'),(60,'Daniel-5','Daniel','Игрушки | Название: Daniel | Артикул: Daniel-5',14,'https://et.com/Daniel.html',7,'2020-05-21 07:40:55','2020-10-12 23:12:37'),(61,'Heller-6','Heller','Холодильники | Название: Heller | Артикул: Heller-6',18,'https://quisquam.com/Heller.html',6,'2020-03-01 00:59:20','2020-10-12 23:12:37'),(62,'Braun-5','Braun','Телевизоры | Название: Braun | Артикул: Braun-5',11,'https://pariatur.ru/Braun.html',3,'2020-06-06 09:14:15','2020-10-12 23:12:37'),(63,'Stamm-7','Stamm','Смартфоны | Название: Stamm | Артикул: Stamm-7',13,'https://deleniti.ru/Stamm.html',1,'2020-01-21 20:21:41','2020-10-12 23:12:37'),(64,'Halvorson-6','Halvorson','Ноутбуки | Название: Halvorson | Артикул: Halvorson-6',17,'https://autem.ru/Halvorson.html',2,'2019-08-25 05:31:39','2020-10-12 23:12:37'),(65,'Murray-5','Murray','Телевизоры | Название: Murray | Артикул: Murray-5',15,'https://at.ru/Murray.html',3,'2019-12-14 10:33:19','2020-10-12 23:12:37'),(66,'Auer-3','Auer','Сувениры | Название: Auer | Артикул: Auer-3',6,'https://earum.ru/Auer.html',8,'2019-09-24 09:16:38','2020-10-12 23:12:37'),(67,'Ondricka-1','Ondricka','Сувениры | Название: Ondricka | Артикул: Ondricka-1',1,'https://alias.ru/Ondricka.html',8,'2020-05-15 09:35:33','2020-10-12 23:12:37'),(68,'Rodriguez-4','Rodriguez','Мониторы | Название: Rodriguez | Артикул: Rodriguez-4',2,'https://ratione.ru/Rodriguez.html',4,'2019-11-09 04:35:15','2020-10-12 23:12:37'),(69,'Gorczany-6','Gorczany','Мониторы | Название: Gorczany | Артикул: Gorczany-6',17,'https://autem.ru/Gorczany.html',4,'2020-06-19 18:34:51','2020-10-12 23:12:37'),(70,'Witting-6','Witting','Холодильники | Название: Witting | Артикул: Witting-6',19,'https://placeat.ru/Witting.html',6,'2019-09-17 22:49:20','2020-10-12 23:12:37'),(71,'Stroman-5','Stroman','Смартфоны | Название: Stroman | Артикул: Stroman-5',15,'https://at.ru/Stroman.html',1,'2019-12-17 10:46:55','2020-10-12 23:12:37'),(72,'Tremblay-2','Tremblay','Смартфоны | Название: Tremblay | Артикул: Tremblay-2',10,'https://quia.ru/Tremblay.html',1,'2020-07-23 15:14:53','2020-10-12 23:12:37'),(73,'Gaylord-8','Gaylord','Телевизоры | Название: Gaylord | Артикул: Gaylord-8',15,'https://at.ru/Gaylord.html',3,'2020-05-09 03:56:16','2020-10-12 23:12:37'),(74,'Mohr-4','Mohr','Ноутбуки | Название: Mohr | Артикул: Mohr-4',18,'https://quisquam.com/Mohr.html',2,'2020-03-05 11:10:28','2020-10-12 23:12:37'),(75,'Schaden-5','Schaden','Смартфоны | Название: Schaden | Артикул: Schaden-5',19,'https://placeat.ru/Schaden.html',1,'2020-06-05 04:40:36','2020-10-12 23:12:37'),(76,'Dibbert-4','Dibbert','Мониторы | Название: Dibbert | Артикул: Dibbert-4',19,'https://placeat.ru/Dibbert.html',4,'2019-09-02 19:15:56','2020-10-12 23:12:37'),(77,'McClure-2','McClure','Наушники | Название: McClure | Артикул: McClure-2',17,'https://autem.ru/McClure.html',5,'2019-11-06 22:48:16','2020-10-12 23:12:37'),(78,'Romaguera-2','Romaguera','Мониторы | Название: Romaguera | Артикул: Romaguera-2',4,'https://quis.ru/Romaguera.html',4,'2019-12-10 18:38:31','2020-10-12 23:12:37'),(79,'Hoppe-6','Hoppe','Игрушки | Название: Hoppe | Артикул: Hoppe-6',14,'https://et.com/Hoppe.html',7,'2020-01-05 20:04:25','2020-10-12 23:12:37'),(80,'Heaney-3','Heaney','Холодильники | Название: Heaney | Артикул: Heaney-3',11,'https://pariatur.ru/Heaney.html',6,'2019-10-08 04:25:20','2020-10-12 23:12:37'),(81,'Hettinger-5','Hettinger','Мониторы | Название: Hettinger | Артикул: Hettinger-5',16,'https://perferendis.ru/Hettinger.html',4,'2019-09-21 05:06:04','2020-10-12 23:12:37'),(82,'Mohr-6','Mohr','Утюги | Название: Mohr | Артикул: Mohr-6',15,'https://at.ru/Mohr.html',9,'2019-09-11 11:55:07','2020-10-12 23:12:37'),(83,'Howe-5','Howe','Холодильники | Название: Howe | Артикул: Howe-5',17,'https://autem.ru/Howe.html',6,'2019-09-13 08:10:07','2020-10-12 23:12:37'),(84,'Kuhic-5','Kuhic','Утюги | Название: Kuhic | Артикул: Kuhic-5',14,'https://et.com/Kuhic.html',9,'2020-07-28 14:15:56','2020-10-12 23:12:37'),(85,'Waters-8','Waters','Телевизоры | Название: Waters | Артикул: Waters-8',3,'https://sequi.com/Waters.html',3,'2020-06-03 07:31:38','2020-10-12 23:12:37'),(86,'Kertzmann-7','Kertzmann','Утюги | Название: Kertzmann | Артикул: Kertzmann-7',1,'https://alias.ru/Kertzmann.html',9,'2020-02-11 09:28:43','2020-10-12 23:12:37'),(87,'Pacocha-8','Pacocha','Сувениры | Название: Pacocha | Артикул: Pacocha-8',2,'https://ratione.ru/Pacocha.html',8,'2020-06-12 03:09:48','2020-10-12 23:12:37'),(88,'Schroeder-1','Schroeder','Сувениры | Название: Schroeder | Артикул: Schroeder-1',17,'https://autem.ru/Schroeder.html',8,'2020-04-30 07:18:26','2020-10-12 23:12:37'),(89,'Kuvalis-8','Kuvalis','Холодильники | Название: Kuvalis | Артикул: Kuvalis-8',8,'https://repellendus.ru/Kuvalis.html',6,'2020-03-14 06:16:57','2020-10-12 23:12:37'),(90,'Jast-8','Jast','Утюги | Название: Jast | Артикул: Jast-8',6,'https://earum.ru/Jast.html',9,'2020-02-01 09:09:04','2020-10-12 23:12:37'),(91,'Haag-7','Haag','Телевизоры | Название: Haag | Артикул: Haag-7',3,'https://sequi.com/Haag.html',3,'2020-03-15 04:14:41','2020-10-12 23:12:37'),(92,'Bartell-9','Bartell','Ноутбуки | Название: Bartell | Артикул: Bartell-9',1,'https://alias.ru/Bartell.html',2,'2019-11-15 06:07:34','2020-10-12 23:12:37'),(93,'Orn-1','Orn','Наушники | Название: Orn | Артикул: Orn-1',11,'https://pariatur.ru/Orn.html',5,'2019-10-30 03:44:56','2020-10-12 23:12:37'),(94,'Wolf-9','Wolf','Мониторы | Название: Wolf | Артикул: Wolf-9',1,'https://alias.ru/Wolf.html',4,'2019-09-15 02:22:15','2020-10-12 23:12:37'),(95,'Deckow-9','Deckow','Ноутбуки | Название: Deckow | Артикул: Deckow-9',8,'https://repellendus.ru/Deckow.html',2,'2020-05-24 05:03:27','2020-10-12 23:12:37'),(96,'Marks-7','Marks','Утюги | Название: Marks | Артикул: Marks-7',1,'https://alias.ru/Marks.html',9,'2019-09-16 06:10:35','2020-10-12 23:12:37'),(97,'Schultz-8','Schultz','Телевизоры | Название: Schultz | Артикул: Schultz-8',4,'https://quis.ru/Schultz.html',3,'2019-11-01 13:19:21','2020-10-12 23:12:37'),(98,'Kiehn-2','Kiehn','Наушники | Название: Kiehn | Артикул: Kiehn-2',16,'https://perferendis.ru/Kiehn.html',5,'2020-03-26 20:41:54','2020-10-12 23:12:37'),(99,'Heidenreich-3','Heidenreich','Мониторы | Название: Heidenreich | Артикул: Heidenreich-3',17,'https://autem.ru/Heidenreich.html',4,'2019-09-29 23:00:26','2020-10-12 23:12:37'),(100,'Flatley-2','Flatley','Телевизоры | Название: Flatley | Артикул: Flatley-2',20,'https://cum.ru/Flatley.html',3,'2019-10-21 15:20:19','2020-10-12 23:12:37');
/*!40000 ALTER TABLE `products` ENABLE KEYS */;
UNLOCK TABLES;

--
-- Table structure for table `products_properties`
--

DROP TABLE IF EXISTS `products_properties`;
/*!40101 SET @saved_cs_client     = @@character_set_client */;
/*!50503 SET character_set_client = utf8mb4 */;
CREATE TABLE `products_properties` (
  `id` int unsigned NOT NULL AUTO_INCREMENT COMMENT 'Идентификатор строки',
  `product_id` int unsigned NOT NULL COMMENT 'Ссылка на товар',
  `property_id` int unsigned NOT NULL COMMENT 'Ссылка на свойство',
  `value` varchar(255) NOT NULL COMMENT 'Значение свойства',
  `created_at` datetime DEFAULT CURRENT_TIMESTAMP COMMENT 'Время создания строки',
  `updated_at` datetime DEFAULT CURRENT_TIMESTAMP ON UPDATE CURRENT_TIMESTAMP COMMENT 'Время обновления строки',
  PRIMARY KEY (`id`),
  KEY `products_properties_property_id_id_fk` (`property_id`),
  KEY `products_properties_product_id_fk` (`product_id`),
  CONSTRAINT `products_properties_product_id_fk` FOREIGN KEY (`product_id`) REFERENCES `products` (`id`),
  CONSTRAINT `products_properties_property_id_id_fk` FOREIGN KEY (`property_id`) REFERENCES `properties` (`id`)
) ENGINE=InnoDB AUTO_INCREMENT=128 DEFAULT CHARSET=utf8mb4 COLLATE=utf8mb4_0900_ai_ci COMMENT='Значения свойств товаров';
/*!40101 SET character_set_client = @saved_cs_client */;

--
-- Dumping data for table `products_properties`
--

LOCK TABLES `products_properties` WRITE;
/*!40000 ALTER TABLE `products_properties` DISABLE KEYS */;
INSERT INTO `products_properties` VALUES (1,88,1,'Синий','2020-09-06 11:08:55','2020-10-12 23:31:53'),(2,27,3,'Philips','2020-09-06 11:08:55','2020-10-12 23:36:22'),(3,4,3,'LG','2020-09-06 11:08:55','2020-10-12 23:35:41'),(4,28,3,'LG','2020-09-06 11:08:55','2020-10-12 23:35:37'),(5,89,1,'Белый','2020-09-06 11:08:55','2020-10-12 23:32:31'),(6,37,1,'Желтый','2020-09-06 11:08:55','2020-10-12 23:32:06'),(7,96,1,'Красный','2020-09-06 11:08:55','2020-10-12 23:31:23'),(8,86,3,'Philips','2020-09-06 11:08:55','2020-10-12 23:36:22'),(9,72,3,'LG','2020-09-06 11:08:55','2020-10-12 23:35:32'),(10,78,3,'Samsung','2020-09-06 11:08:55','2020-10-12 23:35:14'),(11,36,3,'Philips','2020-09-06 11:08:55','2020-10-12 23:36:22'),(12,75,3,'Samsung','2020-09-06 11:08:55','2020-10-12 23:35:15'),(13,94,1,'Желтый','2020-09-06 11:08:55','2020-10-12 23:32:05'),(14,3,2,'Без размера','2020-09-06 11:08:55','2020-10-12 23:34:37'),(15,100,1,'Белый','2020-09-06 11:08:55','2020-10-12 23:32:31'),(16,79,2,'Маленький','2020-09-06 11:08:55','2020-10-12 23:33:42'),(17,88,1,'Зеленый','2020-09-06 11:08:55','2020-10-12 23:31:39'),(18,56,3,'Philips','2020-09-06 11:08:55','2020-10-12 23:36:22'),(19,78,3,'Samsung','2020-09-06 11:08:55','2020-10-12 23:35:23'),(20,66,3,'Philips','2020-09-06 11:08:55','2020-10-12 23:36:22'),(21,41,2,'Маленький','2020-09-06 11:08:55','2020-10-12 23:33:50'),(22,79,3,'Philips','2020-09-06 11:08:55','2020-10-12 23:36:22'),(23,38,2,'Средний','2020-09-06 11:08:55','2020-10-12 23:33:19'),(24,97,3,'Samsung','2020-09-06 11:08:55','2020-10-12 23:35:01'),(25,99,3,'Samsung','2020-09-06 11:08:55','2020-10-12 23:35:22'),(26,1,1,'Красный','2020-09-06 11:08:55','2020-10-12 23:30:48'),(27,17,3,'Samsung','2020-09-06 11:08:55','2020-10-12 23:35:01'),(28,9,1,'Белый','2020-09-06 11:08:55','2020-10-12 23:32:31'),(29,21,1,'Белый','2020-09-06 11:08:55','2020-10-12 23:32:31'),(30,8,3,'NoName','2020-09-06 11:08:55','2020-10-12 23:36:22'),(31,63,1,'Зеленый','2020-09-06 11:08:55','2020-10-12 23:31:38'),(32,20,1,'Белый','2020-09-06 11:08:55','2020-10-12 23:32:31'),(33,3,1,'Зеленый','2020-09-06 11:08:55','2020-10-12 23:31:40'),(34,75,1,'Синий','2020-09-06 11:08:55','2020-10-12 23:31:54'),(35,86,2,'Средний','2020-09-06 11:08:55','2020-10-12 23:33:22'),(36,60,1,'Желтый','2020-09-06 11:08:55','2020-10-12 23:32:06'),(37,55,2,'Большой','2020-09-06 11:08:55','2020-10-12 23:33:01'),(38,98,1,'Красный','2020-09-06 11:08:55','2020-10-12 23:30:50'),(39,61,1,'Желтый','2020-09-06 11:08:55','2020-10-12 23:32:07'),(40,73,1,'Синий','2020-09-06 11:08:55','2020-10-12 23:31:54'),(41,27,2,'Большой','2020-09-06 11:08:55','2020-10-12 23:32:59'),(42,56,2,'Без размера','2020-09-06 11:08:55','2020-10-12 23:34:37'),(43,10,2,'Средний','2020-09-06 11:08:55','2020-10-12 23:33:22'),(44,84,3,'NoName','2020-09-06 11:08:55','2020-10-12 23:36:22'),(45,8,2,'Большой','2020-09-06 11:08:55','2020-10-12 23:33:01'),(46,95,3,'Samsung','2020-09-06 11:08:55','2020-10-12 23:35:15'),(47,29,3,'Samsung','2020-09-06 11:08:55','2020-10-12 23:35:21'),(48,95,3,'NoName','2020-09-06 11:08:55','2020-10-12 23:36:22'),(49,30,1,'Зеленый','2020-09-06 11:08:55','2020-10-12 23:31:38'),(50,22,3,'NoName','2020-09-06 11:08:55','2020-10-12 23:36:22'),(51,32,2,'Маленький','2020-09-06 11:08:55','2020-10-12 23:34:02'),(52,5,2,'Без размера','2020-09-06 11:08:55','2020-10-12 23:34:37'),(53,98,2,'Без размера','2020-09-06 11:08:55','2020-10-12 23:34:37'),(54,18,3,'NoName','2020-09-06 11:08:55','2020-10-12 23:36:22'),(55,48,2,'Без размера','2020-09-06 11:08:55','2020-10-12 23:34:37'),(56,40,3,'Samsung','2020-09-06 11:08:55','2020-10-12 23:35:21'),(57,26,2,'Средний','2020-09-06 11:08:55','2020-10-12 23:33:21'),(58,25,2,'Маленький','2020-09-06 11:08:55','2020-10-12 23:33:45'),(59,38,2,'Без размера','2020-09-06 11:08:55','2020-10-12 23:34:37'),(60,98,1,'Белый','2020-09-06 11:08:55','2020-10-12 23:32:31'),(61,16,3,'LG','2020-09-06 11:08:55','2020-10-12 23:35:32'),(62,7,1,'Белый','2020-09-06 11:08:55','2020-10-12 23:32:31'),(63,91,3,'Samsung','2020-09-06 11:08:55','2020-10-12 23:35:12'),(64,63,2,'Без размера','2020-09-06 11:08:55','2020-10-12 23:34:37'),(65,65,3,'LG','2020-09-06 11:08:55','2020-10-12 23:35:38'),(66,62,3,'NoName','2020-09-06 11:08:55','2020-10-12 23:36:22'),(67,86,2,'Средний','2020-09-06 11:08:55','2020-10-12 23:33:17'),(68,75,2,'Без размера','2020-09-06 11:08:55','2020-10-12 23:34:37'),(69,49,2,'Без размера','2020-09-06 11:08:55','2020-10-12 23:34:37'),(70,55,2,'Большой','2020-09-06 11:08:55','2020-10-12 23:33:01'),(71,4,2,'Большой','2020-09-06 11:08:55','2020-10-12 23:33:06'),(72,81,1,'Белый','2020-09-06 11:08:55','2020-10-12 23:32:31'),(73,99,1,'Зеленый','2020-09-06 11:08:55','2020-10-12 23:31:36'),(74,49,1,'Белый','2020-09-06 11:08:55','2020-10-12 23:32:31'),(75,31,1,'Белый','2020-09-06 11:08:55','2020-10-12 23:32:31'),(76,45,1,'Синий','2020-09-06 11:08:55','2020-10-12 23:31:51'),(77,75,2,'Средний','2020-09-06 11:08:55','2020-10-12 23:33:20'),(78,7,2,'Большой','2020-09-06 11:08:55','2020-10-12 23:33:04'),(79,57,3,'Samsung','2020-09-06 11:08:55','2020-10-12 23:35:01'),(80,9,1,'Белый','2020-09-06 11:08:55','2020-10-12 23:32:31'),(81,60,2,'Маленький','2020-09-06 11:08:55','2020-10-12 23:34:08'),(82,53,1,'Белый','2020-09-06 11:08:55','2020-10-12 23:32:31'),(83,55,1,'Зеленый','2020-09-06 11:08:55','2020-10-12 23:31:37'),(84,75,2,'Маленький','2020-09-06 11:08:55','2020-10-12 23:33:57'),(85,19,2,'Без размера','2020-09-06 11:08:55','2020-10-12 23:34:37'),(86,76,2,'Маленький','2020-09-06 11:08:55','2020-10-12 23:33:46'),(87,77,2,'Средний','2020-09-06 11:08:55','2020-10-12 23:33:16'),(88,64,2,'Маленький','2020-09-06 11:08:55','2020-10-12 23:33:54'),(89,26,3,'Samsung','2020-09-06 11:08:55','2020-10-12 23:35:10'),(90,6,2,'Большой','2020-09-06 11:08:55','2020-10-12 23:33:01'),(91,79,3,'LG','2020-09-06 11:08:55','2020-10-12 23:35:42'),(92,36,2,'Средний','2020-09-06 11:08:55','2020-10-12 23:33:20'),(93,70,3,'NoName','2020-09-06 11:08:55','2020-10-12 23:36:22'),(94,95,1,'Красный','2020-09-06 11:08:55','2020-10-12 23:31:21'),(95,66,2,'Большой','2020-09-06 11:08:55','2020-10-12 23:33:07'),(96,7,1,'Белый','2020-09-06 11:08:55','2020-10-12 23:32:31'),(97,36,2,'Маленький','2020-09-06 11:08:55','2020-10-12 23:33:52'),(98,21,2,'Без размера','2020-09-06 11:08:55','2020-10-12 23:34:37'),(99,62,1,'Красный','2020-09-06 11:08:55','2020-10-12 23:30:49'),(100,85,3,'NoName','2020-09-06 11:08:55','2020-10-12 23:36:22');
/*!40000 ALTER TABLE `products_properties` ENABLE KEYS */;
UNLOCK TABLES;
/*!50003 SET @saved_cs_client      = @@character_set_client */ ;
/*!50003 SET @saved_cs_results     = @@character_set_results */ ;
/*!50003 SET @saved_col_connection = @@collation_connection */ ;
/*!50003 SET character_set_client  = utf8mb4 */ ;
/*!50003 SET character_set_results = utf8mb4 */ ;
/*!50003 SET collation_connection  = utf8mb4_0900_ai_ci */ ;
/*!50003 SET @saved_sql_mode       = @@sql_mode */ ;
/*!50003 SET sql_mode              = 'STRICT_TRANS_TABLES,NO_ENGINE_SUBSTITUTION' */ ;
DELIMITER ;;
/*!50003 CREATE*/ /*!50017 DEFINER=`root`@`localhost`*/ /*!50003 TRIGGER `products_properties_validation` BEFORE INSERT ON `products_properties` FOR EACH ROW BEGIN
  IF !is_row_exists(NEW.product_id, NEW.property_id) THEN
    SIGNAL SQLSTATE "45000"
    SET MESSAGE_TEXT = "Такаякомбинация товара и свойства уже существует";
  END IF;
END */;;
DELIMITER ;
/*!50003 SET sql_mode              = @saved_sql_mode */ ;
/*!50003 SET character_set_client  = @saved_cs_client */ ;
/*!50003 SET character_set_results = @saved_cs_results */ ;
/*!50003 SET collation_connection  = @saved_col_connection */ ;

--
-- Table structure for table `properties`
--

DROP TABLE IF EXISTS `properties`;
/*!40101 SET @saved_cs_client     = @@character_set_client */;
/*!50503 SET character_set_client = utf8mb4 */;
CREATE TABLE `properties` (
  `id` int unsigned NOT NULL AUTO_INCREMENT COMMENT 'Идентификатор строки',
  `name` varchar(255) NOT NULL COMMENT 'Название свойства',
  `created_at` datetime DEFAULT CURRENT_TIMESTAMP COMMENT 'Время создания строки',
  `updated_at` datetime DEFAULT CURRENT_TIMESTAMP ON UPDATE CURRENT_TIMESTAMP COMMENT 'Время обновления строки',
  PRIMARY KEY (`id`)
) ENGINE=InnoDB AUTO_INCREMENT=4 DEFAULT CHARSET=utf8mb4 COLLATE=utf8mb4_0900_ai_ci COMMENT='Свойства (характеристики) товаров';
/*!40101 SET character_set_client = @saved_cs_client */;

--
-- Dumping data for table `properties`
--

LOCK TABLES `properties` WRITE;
/*!40000 ALTER TABLE `properties` DISABLE KEYS */;
INSERT INTO `properties` VALUES (1,'Цвет','2020-10-12 23:13:31','2020-10-12 23:13:31'),(2,'Размер','2020-10-12 23:13:31','2020-10-12 23:13:31'),(3,'Бренд','2020-10-12 23:13:31','2020-10-12 23:13:31');
/*!40000 ALTER TABLE `properties` ENABLE KEYS */;
UNLOCK TABLES;

--
-- Table structure for table `shops`
--

DROP TABLE IF EXISTS `shops`;
/*!40101 SET @saved_cs_client     = @@character_set_client */;
/*!50503 SET character_set_client = utf8mb4 */;
CREATE TABLE `shops` (
  `id` int unsigned NOT NULL AUTO_INCREMENT COMMENT 'Идентификатор строки',
  `name` varchar(255) NOT NULL COMMENT 'Название магазина',
  `url` varchar(255) NOT NULL COMMENT 'Адрес магазина',
  `created_at` datetime DEFAULT CURRENT_TIMESTAMP COMMENT 'Время создания строки',
  `updated_at` datetime DEFAULT CURRENT_TIMESTAMP ON UPDATE CURRENT_TIMESTAMP COMMENT 'Время обновления строки',
  PRIMARY KEY (`id`)
) ENGINE=InnoDB AUTO_INCREMENT=32 DEFAULT CHARSET=utf8mb4 COLLATE=utf8mb4_0900_ai_ci COMMENT='Магазины';
/*!40101 SET character_set_client = @saved_cs_client */;

--
-- Dumping data for table `shops`
--

LOCK TABLES `shops` WRITE;
/*!40000 ALTER TABLE `shops` DISABLE KEYS */;
INSERT INTO `shops` VALUES (1,'alias','https://alias.ru','2020-03-05 09:37:39','2020-10-12 22:54:30'),(2,'ratione','https://ratione.ru','2020-07-03 10:49:57','2020-10-12 22:54:30'),(3,'sequi','https://sequi.com','2020-01-24 00:35:28','2020-10-12 22:55:06'),(4,'quis','https://quis.ru','2019-10-28 13:42:55','2020-10-12 22:54:30'),(5,'veritatis','https://veritatis.ru','2019-07-11 00:17:02','2020-10-12 22:54:30'),(6,'earum','https://earum.ru','2019-08-25 08:17:09','2020-10-12 22:54:30'),(7,'dolorem','https://dolorem.com','2019-05-06 02:08:39','2020-10-12 22:55:06'),(8,'repellendus','https://repellendus.ru','2019-01-06 19:08:01','2020-10-12 22:54:30'),(9,'consequatur','https://consequatur.ru','2019-02-13 04:01:44','2020-10-12 22:54:30'),(10,'quia','https://quia.ru','2020-01-11 04:01:22','2020-10-12 22:54:30'),(11,'pariatur','https://pariatur.ru','2019-07-05 05:49:36','2020-10-12 22:54:30'),(12,'eveniet','https://eveniet.ru','2020-04-24 03:57:49','2020-10-12 22:54:30'),(13,'deleniti','https://deleniti.ru','2019-06-23 21:17:12','2020-10-12 22:54:30'),(14,'et','https://et.com','2019-11-02 02:59:20','2020-10-12 22:55:06'),(15,'at','https://at.ru','2019-03-24 02:12:37','2020-10-12 22:54:30'),(16,'perferendis','https://perferendis.ru','2018-11-26 07:08:57','2020-10-12 22:54:30'),(17,'autem','https://autem.ru','2019-05-22 12:30:58','2020-10-12 22:54:30'),(18,'quisquam','https://quisquam.com','2019-08-25 03:53:48','2020-10-12 22:55:06'),(19,'placeat','https://placeat.ru','2019-03-08 07:27:37','2020-10-12 22:54:30'),(20,'cum','https://cum.ru','2018-12-27 15:30:33','2020-10-12 22:54:30');
/*!40000 ALTER TABLE `shops` ENABLE KEYS */;
UNLOCK TABLES;

--
-- Table structure for table `subscibers`
--

DROP TABLE IF EXISTS `subscibers`;
/*!40101 SET @saved_cs_client     = @@character_set_client */;
/*!50503 SET character_set_client = utf8mb4 */;
CREATE TABLE `subscibers` (
  `id` int unsigned NOT NULL AUTO_INCREMENT COMMENT 'Идентификатор строки',
  `user_id` int unsigned DEFAULT NULL COMMENT 'Ссылка на пользователя, если он существует по совпадению email',
  `email` varchar(100) NOT NULL COMMENT 'Почта',
  `is_actived` tinyint(1) DEFAULT NULL COMMENT 'Признак активной подписки',
  `created_at` datetime DEFAULT CURRENT_TIMESTAMP COMMENT 'Время создания строки',
  `updated_at` datetime DEFAULT CURRENT_TIMESTAMP ON UPDATE CURRENT_TIMESTAMP COMMENT 'Время обновления строки',
  PRIMARY KEY (`id`),
  UNIQUE KEY `email` (`email`),
  KEY `subscibers_user_id_fk` (`user_id`),
  CONSTRAINT `subscibers_user_id_fk` FOREIGN KEY (`user_id`) REFERENCES `users` (`id`)
) ENGINE=InnoDB AUTO_INCREMENT=16 DEFAULT CHARSET=utf8mb4 COLLATE=utf8mb4_0900_ai_ci COMMENT='Подписчики';
/*!40101 SET character_set_client = @saved_cs_client */;

--
-- Dumping data for table `subscibers`
--

LOCK TABLES `subscibers` WRITE;
/*!40000 ALTER TABLE `subscibers` DISABLE KEYS */;
INSERT INTO `subscibers` VALUES (1,NULL,'lueilwitz.braxton12@example.com',1,'2020-06-23 01:19:00','2020-10-12 23:19:33'),(2,99,'hcassin@example.com',0,'2019-12-28 00:06:23','2020-10-12 23:18:40'),(3,98,'lucinda26@example.net',1,'2019-10-12 03:00:58','2020-10-12 23:18:40'),(4,97,'sonny42@example.org',0,'2020-01-13 05:07:08','2020-10-12 23:18:40'),(5,NULL,'jaqueline.1graham@example.net',0,'2020-01-21 06:28:34','2020-10-12 23:19:33'),(6,95,'strosin.jameson@example.org',0,'2019-11-09 14:41:49','2020-10-12 23:18:40'),(7,94,'broderick.breitenberg@example.net',1,'2019-12-20 12:05:55','2020-10-12 23:18:40'),(8,NULL,'collins.7abbey@example.com',0,'2019-10-21 15:20:19','2020-10-12 23:19:33'),(9,92,'fleannon@example.net',0,'2019-09-29 23:00:26','2020-10-12 23:18:40'),(10,91,'kristian.stanton@example.org',1,'2020-03-26 20:41:54','2020-10-12 23:18:40');
/*!40000 ALTER TABLE `subscibers` ENABLE KEYS */;
UNLOCK TABLES;

--
-- Table structure for table `users`
--

DROP TABLE IF EXISTS `users`;
/*!40101 SET @saved_cs_client     = @@character_set_client */;
/*!50503 SET character_set_client = utf8mb4 */;
CREATE TABLE `users` (
  `id` int unsigned NOT NULL AUTO_INCREMENT COMMENT 'Идентификатор строки',
  `name` varchar(255) NOT NULL COMMENT 'Имя пользователя',
  `email` varchar(100) NOT NULL COMMENT 'Почта',
  `created_at` datetime DEFAULT CURRENT_TIMESTAMP COMMENT 'Время создания строки',
  `updated_at` datetime DEFAULT CURRENT_TIMESTAMP ON UPDATE CURRENT_TIMESTAMP COMMENT 'Время обновления строки',
  PRIMARY KEY (`id`),
  UNIQUE KEY `email` (`email`)
) ENGINE=InnoDB AUTO_INCREMENT=128 DEFAULT CHARSET=utf8mb4 COLLATE=utf8mb4_0900_ai_ci COMMENT='Пользователи';
/*!40101 SET character_set_client = @saved_cs_client */;

--
-- Dumping data for table `users`
--

LOCK TABLES `users` WRITE;
/*!40000 ALTER TABLE `users` DISABLE KEYS */;
INSERT INTO `users` VALUES (1,'Emmet','joel.huels@example.com','2020-05-19 01:34:49','2020-08-27 09:34:37'),(2,'Jess','haven34@example.org','2020-06-01 02:26:05','2020-08-27 09:34:37'),(3,'Maggie','epowlowski@example.net','2020-01-27 19:04:35','2020-08-27 09:34:37'),(4,'Jodie','dupton@example.com','2019-11-07 00:27:32','2020-08-17 18:59:09'),(5,'Dell','kuhlman.virgil@example.net','2020-03-07 15:10:47','2020-05-11 02:23:32'),(6,'Ava','terrance38@example.net','2020-07-13 20:13:43','2020-08-27 09:34:37'),(7,'Garth','adolph51@example.net','2020-08-01 21:05:09','2020-08-10 12:00:10'),(8,'Ethelyn','javier01@example.net','2019-08-31 09:57:51','2019-12-12 07:17:08'),(9,'Petra','easter.leannon@example.net','2020-04-04 12:34:04','2020-08-27 09:34:37'),(10,'Watson','watson.krajcik@example.com','2019-09-09 12:08:35','2020-08-17 09:32:34'),(11,'Ryley','cleta.blick@example.net','2020-02-23 00:08:45','2020-08-27 09:34:37'),(12,'Arnulfo','zhettinger@example.com','2020-01-16 19:06:18','2020-02-18 01:23:38'),(13,'Rashawn','kmetz@example.org','2019-12-21 04:56:09','2020-06-29 06:50:27'),(14,'Vidal','bergnaum.ashlee@example.org','2019-10-15 00:01:05','2020-03-03 16:44:08'),(15,'Patsy','marie58@example.net','2019-09-27 02:22:22','2020-04-29 05:44:41'),(16,'Robbie','hward@example.net','2019-10-25 23:25:07','2020-06-21 23:54:19'),(17,'Rosella','aledner@example.org','2020-01-08 02:07:28','2020-01-29 02:24:50'),(18,'Rod','vbartoletti@example.com','2020-03-07 05:14:01','2020-08-27 09:34:37'),(19,'Arielle','qjacobs@example.net','2020-08-04 16:47:21','2020-08-27 09:34:37'),(20,'Charity','wunsch.lynn@example.org','2020-01-13 07:20:24','2020-07-28 02:51:28'),(21,'Ressie','mitchel.dach@example.com','2020-08-06 18:48:39','2020-08-27 09:34:37'),(22,'Marshall','cmonahan@example.net','2019-11-01 17:17:38','2020-02-15 23:19:25'),(23,'Madisyn','herbert.reynolds@example.com','2019-12-30 00:08:31','2020-01-11 12:50:36'),(24,'Macey','scorkery@example.com','2020-05-07 00:25:54','2020-08-27 09:34:37'),(25,'Garret','swift.elton@example.net','2020-07-21 05:58:26','2020-08-27 09:34:37'),(26,'Brielle','verner.feest@example.org','2020-03-02 03:59:24','2020-08-27 09:34:37'),(27,'Alanis','zhomenick@example.net','2020-06-30 23:50:21','2020-08-27 09:34:37'),(28,'Lane','gleason.trinity@example.com','2020-04-01 12:30:00','2020-08-27 09:34:37'),(29,'Kaycee','gschroeder@example.org','2020-01-31 15:53:50','2020-06-07 13:36:07'),(30,'Cameron','anna34@example.org','2020-03-25 11:13:52','2020-07-31 16:49:37'),(31,'Domingo','kristian89@example.org','2020-03-04 20:11:06','2020-07-16 00:54:24'),(32,'Pearlie','ogleichner@example.org','2020-04-11 16:14:36','2020-08-27 09:34:37'),(33,'Noemie','bessie.reilly@example.org','2020-03-17 15:45:51','2020-08-27 09:34:37'),(34,'Mario','stroman.vella@example.net','2020-03-31 17:50:10','2020-08-27 09:34:37'),(35,'Merle','crooks.neil@example.net','2020-04-23 05:10:40','2020-08-27 09:34:37'),(36,'Albin','ferne34@example.org','2020-05-19 22:31:41','2020-08-27 09:34:37'),(37,'Collin','auer.finn@example.net','2020-03-17 14:21:34','2020-08-27 09:34:37'),(38,'Dana','brekke.simone@example.net','2020-02-28 10:36:29','2020-08-27 09:34:37'),(39,'Cassandre','alf97@example.com','2019-11-27 21:18:22','2020-08-27 09:34:37'),(40,'Melvin','lemke.devon@example.net','2020-06-03 00:04:32','2020-08-27 09:34:37'),(41,'Virgie','wnitzsche@example.net','2020-01-07 13:10:34','2020-08-14 03:16:43'),(42,'Melody','stiedemann.era@example.com','2020-08-02 04:53:11','2020-08-27 09:34:37'),(43,'Whitney','foster83@example.net','2019-11-13 13:11:58','2020-02-02 15:30:02'),(44,'Lorine','thaddeus.mertz@example.com','2020-03-05 23:46:02','2020-08-27 09:34:37'),(45,'Gilberto','alindgren@example.com','2019-09-27 16:42:36','2019-09-28 00:21:55'),(46,'Catharine','omari.halvorson@example.org','2020-01-17 13:20:27','2020-04-01 09:27:32'),(47,'Eve','joelle28@example.net','2019-08-21 04:33:04','2019-11-10 02:29:20'),(48,'Elsie','augusta.mccullough@example.org','2020-08-06 15:12:49','2020-08-27 09:34:37'),(49,'Anais','yullrich@example.org','2020-01-12 17:51:38','2020-03-24 01:11:31'),(50,'Tito','rubye85@example.net','2020-07-25 06:59:33','2020-08-27 09:34:37'),(51,'Laury','tpfeffer@example.com','2020-04-29 01:06:32','2020-08-27 09:34:37'),(52,'Newton','keshaun.mante@example.com','2020-01-13 15:51:10','2020-06-20 14:57:04'),(53,'Aaron','maxime28@example.net','2020-05-21 07:40:55','2020-08-27 09:34:37'),(54,'Yvonne','lolita13@example.net','2020-03-01 00:59:20','2020-08-27 09:34:37'),(55,'Adolfo','fosinski@example.net','2020-06-06 09:14:15','2020-08-27 09:34:37'),(56,'Isai','ettie.huels@example.org','2020-01-21 20:21:41','2020-02-19 20:57:34'),(57,'Lea','khalil.towne@example.net','2019-08-25 05:31:39','2019-12-09 11:10:12'),(58,'Lucile','guido26@example.net','2019-12-14 10:33:19','2020-08-27 09:34:37'),(59,'Raquel','marisa21@example.com','2019-09-24 09:16:38','2019-11-28 15:46:39'),(60,'Torey','bechtelar.sigrid@example.com','2020-05-15 09:35:33','2020-08-27 09:34:37'),(61,'Birdie','lauriane84@example.org','2019-11-09 04:35:15','2020-07-10 16:54:00'),(62,'Verdie','hazel85@example.net','2020-06-19 18:34:51','2020-08-27 09:34:37'),(63,'Chyna','lindgren.bethany@example.org','2019-09-17 22:49:20','2020-04-16 19:46:26'),(64,'Randi','vonrueden.micaela@example.com','2019-12-17 10:46:55','2020-05-30 18:08:24'),(65,'Bennett','hegmann.jaylon@example.org','2020-07-23 15:14:53','2020-08-27 09:34:37'),(66,'Talon','julius.gusikowski@example.com','2020-05-09 03:56:16','2020-08-27 09:34:37'),(67,'Madge','preichert@example.org','2020-03-05 11:10:28','2020-06-04 04:55:32'),(68,'Dorris','dina62@example.org','2020-06-05 04:40:36','2020-08-27 09:34:37'),(69,'Adell','pjacobi@example.com','2019-09-02 19:15:56','2019-11-02 16:07:34'),(70,'Abdullah','cschowalter@example.org','2019-11-06 22:48:16','2020-08-27 09:34:37'),(71,'Perry','kayli.romaguera@example.org','2019-12-10 18:38:31','2020-06-18 19:50:17'),(72,'Adell','schiller.gussie@example.org','2020-01-05 20:04:25','2020-03-24 02:46:14'),(73,'Myrtle','keeling.stephon@example.org','2019-10-08 04:25:20','2020-04-15 23:41:27'),(74,'Josefa','emmerich.barton@example.com','2019-09-21 05:06:04','2020-02-25 07:43:31'),(75,'Bobby','jrice@example.com','2019-09-11 11:55:07','2020-01-12 19:16:47'),(76,'Marjolaine','glennie.cronin@example.com','2019-09-13 08:10:07','2019-11-06 15:49:58'),(77,'Graciela','neal.west@example.net','2020-07-28 14:15:56','2020-08-27 09:34:37'),(78,'Viva','quitzon.adrienne@example.org','2020-06-03 07:31:38','2020-08-27 09:34:37'),(79,'Rudolph','wiegand.lazaro@example.org','2020-02-11 09:28:43','2020-06-14 15:12:50'),(80,'Jaquan','leo51@example.net','2020-06-12 03:09:48','2020-08-27 09:34:37'),(81,'Timmothy','aaron.koepp@example.net','2020-04-30 07:18:26','2020-08-27 09:34:37'),(82,'Cade','ohauck@example.org','2020-03-14 06:16:57','2020-08-27 09:34:37'),(83,'Rowland','tyrell96@example.com','2020-02-01 09:09:04','2020-03-19 06:31:27'),(84,'Shanna','kassulke.allison@example.org','2020-03-15 04:14:41','2020-04-03 10:34:18'),(85,'Francesco','willy.hoppe@example.org','2019-11-15 06:07:34','2020-01-20 01:57:52'),(86,'Erica','rhea13@example.com','2019-10-30 03:44:56','2020-03-28 06:43:34'),(87,'Eulah','mgaylord@example.net','2019-09-15 02:22:15','2019-11-20 12:42:40'),(88,'Keegan','fay.mckayla@example.net','2020-05-24 05:03:27','2020-08-27 09:34:37'),(89,'Minnie','merl.pfannerstill@example.net','2019-09-16 06:10:35','2020-08-27 09:34:37'),(90,'Leora','cassandre65@example.com','2019-11-01 13:19:21','2020-03-26 05:45:04'),(91,'Larue','kristian.stanton@example.org','2020-03-26 20:41:54','2020-08-27 09:34:37'),(92,'Justyn','fleannon@example.net','2019-09-29 23:00:26','2020-08-27 09:34:37'),(93,'Candido','collins.abbey@example.com','2019-10-21 15:20:19','2019-11-04 23:31:29'),(94,'Talon','broderick.breitenberg@example.net','2019-12-20 12:05:55','2020-08-27 09:34:37'),(95,'Tristin','strosin.jameson@example.org','2019-11-09 14:41:49','2020-02-09 05:06:29'),(96,'Bartholome','jaqueline.graham@example.net','2020-01-21 06:28:34','2020-05-19 13:47:42'),(97,'Derrick','sonny42@example.org','2020-01-13 05:07:08','2020-02-06 12:14:56'),(98,'Cruz','lucinda26@example.net','2019-10-12 03:00:58','2020-07-03 06:09:13'),(99,'Horace','hcassin@example.com','2019-12-28 00:06:23','2020-08-27 09:34:37'),(100,'Paris','lueilwitz.braxton@example.com','2020-06-23 01:19:00','2020-08-27 09:34:37');
/*!40000 ALTER TABLE `users` ENABLE KEYS */;
UNLOCK TABLES;

--
-- Temporary view structure for view `v_products_prices`
--

DROP TABLE IF EXISTS `v_products_prices`;
/*!50001 DROP VIEW IF EXISTS `v_products_prices`*/;
SET @saved_cs_client     = @@character_set_client;
/*!50503 SET character_set_client = utf8mb4 */;
/*!50001 CREATE VIEW `v_products_prices` AS SELECT 
 1 AS `id`,
 1 AS `name`,
 1 AS `price`,
 1 AS `price_date`*/;
SET character_set_client = @saved_cs_client;

--
-- Temporary view structure for view `v_products_properties`
--

DROP TABLE IF EXISTS `v_products_properties`;
/*!50001 DROP VIEW IF EXISTS `v_products_properties`*/;
SET @saved_cs_client     = @@character_set_client;
/*!50503 SET character_set_client = utf8mb4 */;
/*!50001 CREATE VIEW `v_products_properties` AS SELECT 
 1 AS `id`,
 1 AS `name`,
 1 AS `property_name`,
 1 AS `property_value`*/;
SET character_set_client = @saved_cs_client;

--
-- Table structure for table `wishlists`
--

DROP TABLE IF EXISTS `wishlists`;
/*!40101 SET @saved_cs_client     = @@character_set_client */;
/*!50503 SET character_set_client = utf8mb4 */;
CREATE TABLE `wishlists` (
  `user_id` int unsigned NOT NULL COMMENT 'Ссылка на пользователя',
  `product_id` int unsigned NOT NULL COMMENT 'Ссылка на товар',
  `created_at` datetime DEFAULT CURRENT_TIMESTAMP COMMENT 'Время создания строки',
  `updated_at` datetime DEFAULT CURRENT_TIMESTAMP ON UPDATE CURRENT_TIMESTAMP COMMENT 'Время обновления строки',
  PRIMARY KEY (`user_id`,`product_id`) COMMENT 'Составной первичный ключ',
  KEY `wishlists_product_id_fk` (`product_id`),
  CONSTRAINT `wishlists_product_id_fk` FOREIGN KEY (`product_id`) REFERENCES `products` (`id`),
  CONSTRAINT `wishlists_user_id_id_fk` FOREIGN KEY (`user_id`) REFERENCES `users` (`id`)
) ENGINE=InnoDB DEFAULT CHARSET=utf8mb4 COLLATE=utf8mb4_0900_ai_ci COMMENT='Список слежения';
/*!40101 SET character_set_client = @saved_cs_client */;

--
-- Dumping data for table `wishlists`
--

LOCK TABLES `wishlists` WRITE;
/*!40000 ALTER TABLE `wishlists` DISABLE KEYS */;
INSERT INTO `wishlists` VALUES (1,77,'2020-09-06 11:08:55','2020-10-12 23:24:27'),(2,12,'2020-09-06 11:08:55','2020-10-12 23:24:27'),(2,95,'2020-09-06 11:08:55','2020-10-12 23:24:27'),(3,25,'2020-09-06 11:08:55','2020-10-12 23:24:27'),(3,51,'2020-09-06 11:08:55','2020-10-12 23:24:27'),(4,30,'2020-09-06 11:08:55','2020-10-12 23:24:27'),(5,50,'2020-09-06 11:08:55','2020-10-12 23:24:27'),(7,13,'2020-09-06 11:08:55','2020-10-12 23:24:27'),(7,40,'2020-09-06 11:08:55','2020-10-12 23:24:27'),(7,56,'2020-09-06 11:08:55','2020-10-12 23:24:27'),(8,91,'2020-09-06 11:08:55','2020-10-12 23:24:27'),(9,32,'2020-09-06 11:08:55','2020-10-12 23:24:27'),(11,26,'2020-09-06 11:08:55','2020-10-12 23:24:27'),(13,38,'2020-09-06 11:08:55','2020-10-12 23:24:27'),(15,13,'2020-09-06 11:08:55','2020-10-12 23:24:27'),(15,20,'2020-09-06 11:08:55','2020-10-12 23:24:27'),(15,76,'2020-09-06 11:08:55','2020-10-12 23:24:27'),(17,42,'2020-09-06 11:08:55','2020-10-12 23:24:27'),(25,34,'2020-09-06 11:08:55','2020-10-12 23:24:27'),(25,49,'2020-09-06 11:08:55','2020-10-12 23:24:27'),(28,58,'2020-09-06 11:08:55','2020-10-12 23:24:27'),(28,92,'2020-09-06 11:08:55','2020-10-12 23:24:27'),(29,57,'2020-09-06 11:08:55','2020-10-12 23:24:27'),(30,13,'2020-09-06 11:08:55','2020-10-12 23:24:27'),(31,54,'2020-09-06 11:08:55','2020-10-12 23:24:27'),(33,88,'2020-09-06 11:08:55','2020-10-12 23:24:27'),(35,38,'2020-09-06 11:08:55','2020-10-12 23:24:27'),(36,12,'2020-09-06 11:08:55','2020-10-12 23:24:27'),(37,77,'2020-09-06 11:08:55','2020-10-12 23:24:27'),(38,28,'2020-09-06 11:08:55','2020-10-12 23:24:27'),(38,70,'2020-09-06 11:08:55','2020-10-12 23:24:27'),(38,93,'2020-09-06 11:08:55','2020-10-12 23:24:27'),(39,66,'2020-09-06 11:08:55','2020-10-12 23:24:27'),(40,73,'2020-09-06 11:08:55','2020-10-12 23:24:27'),(41,81,'2020-09-06 11:08:55','2020-10-12 23:24:27'),(42,72,'2020-09-06 11:08:55','2020-10-12 23:24:27'),(45,52,'2020-09-06 11:08:55','2020-10-12 23:24:27'),(47,51,'2020-09-06 11:08:55','2020-10-12 23:24:27'),(48,25,'2020-09-06 11:08:55','2020-10-12 23:24:27'),(48,31,'2020-09-06 11:08:55','2020-10-12 23:24:27'),(51,18,'2020-09-06 11:08:55','2020-10-12 23:24:27'),(51,36,'2020-09-06 11:08:55','2020-10-12 23:24:27'),(53,86,'2020-09-06 11:08:55','2020-10-12 23:24:27'),(55,69,'2020-09-06 11:08:55','2020-10-12 23:24:27'),(56,65,'2020-09-06 11:08:55','2020-10-12 23:24:27'),(57,96,'2020-09-06 11:08:55','2020-10-12 23:24:27'),(58,76,'2020-09-06 11:08:55','2020-10-12 23:24:27'),(59,35,'2020-09-06 11:08:55','2020-10-12 23:24:27'),(59,44,'2020-09-06 11:08:55','2020-10-12 23:24:27'),(59,75,'2020-09-06 11:08:55','2020-10-12 23:24:27'),(59,76,'2020-09-06 11:08:55','2020-10-12 23:24:27'),(60,83,'2020-09-06 11:08:55','2020-10-12 23:24:27'),(60,91,'2020-09-06 11:08:55','2020-10-12 23:24:27'),(62,61,'2020-09-06 11:08:55','2020-10-12 23:24:27'),(65,87,'2020-09-06 11:08:55','2020-10-12 23:24:27'),(71,25,'2020-09-06 11:08:55','2020-10-12 23:24:27'),(72,3,'2020-09-06 11:08:55','2020-10-12 23:24:27'),(72,76,'2020-09-06 11:08:55','2020-10-12 23:24:27'),(73,20,'2020-09-06 11:08:55','2020-10-12 23:24:27'),(73,64,'2020-09-06 11:08:55','2020-10-12 23:24:27'),(74,62,'2020-09-06 11:08:55','2020-10-12 23:24:27'),(75,3,'2020-09-06 11:08:55','2020-10-12 23:24:27'),(75,48,'2020-09-06 11:08:55','2020-10-12 23:24:27'),(75,80,'2020-09-06 11:08:55','2020-10-12 23:24:27'),(77,23,'2020-09-06 11:08:55','2020-10-12 23:24:27'),(78,50,'2020-09-06 11:08:55','2020-10-12 23:24:27'),(78,62,'2020-09-06 11:08:55','2020-10-12 23:24:27'),(79,4,'2020-09-06 11:08:55','2020-10-12 23:24:27'),(80,57,'2020-09-06 11:08:55','2020-10-12 23:24:27'),(82,47,'2020-09-06 11:08:55','2020-10-12 23:24:27'),(82,74,'2020-09-06 11:08:55','2020-10-12 23:24:27'),(83,13,'2020-09-06 11:08:55','2020-10-12 23:24:27'),(84,77,'2020-09-06 11:08:55','2020-10-12 23:24:27'),(84,89,'2020-09-06 11:08:55','2020-10-12 23:24:27'),(84,90,'2020-09-06 11:08:55','2020-10-12 23:24:27'),(85,4,'2020-09-06 11:08:55','2020-10-12 23:24:27'),(85,18,'2020-09-06 11:08:55','2020-10-12 23:24:27'),(89,14,'2020-09-06 11:08:55','2020-10-12 23:24:27'),(89,39,'2020-09-06 11:08:55','2020-10-12 23:24:27'),(89,83,'2020-09-06 11:08:55','2020-10-12 23:24:27'),(90,32,'2020-09-06 11:08:55','2020-10-12 23:24:27'),(91,27,'2020-09-06 11:08:55','2020-10-12 23:24:27'),(91,71,'2020-09-06 11:08:55','2020-10-12 23:24:27'),(91,80,'2020-09-06 11:08:55','2020-10-12 23:24:27'),(91,87,'2020-09-06 11:08:55','2020-10-12 23:24:27'),(94,95,'2020-09-06 11:08:55','2020-10-12 23:24:27'),(95,9,'2020-09-06 11:08:55','2020-10-12 23:24:27'),(95,83,'2020-09-06 11:08:55','2020-10-12 23:24:27'),(96,6,'2020-09-06 11:08:55','2020-10-12 23:24:27'),(96,49,'2020-09-06 11:08:55','2020-10-12 23:24:27'),(97,53,'2020-09-06 11:08:55','2020-10-12 23:24:27'),(97,83,'2020-09-06 11:08:55','2020-10-12 23:24:27'),(97,93,'2020-09-06 11:08:55','2020-10-12 23:24:27'),(98,41,'2020-09-06 11:08:55','2020-10-12 23:24:27'),(99,46,'2020-09-06 11:08:55','2020-10-12 23:24:27'),(100,15,'2020-09-06 11:08:55','2020-10-12 23:24:27'),(100,23,'2020-09-06 11:08:55','2020-10-12 23:24:27'),(100,31,'2020-09-06 11:08:55','2020-10-12 23:24:27'),(100,92,'2020-09-06 11:08:55','2020-10-12 23:24:27'),(100,98,'2020-09-06 11:08:55','2020-10-12 23:24:27');
/*!40000 ALTER TABLE `wishlists` ENABLE KEYS */;
UNLOCK TABLES;

--
-- Final view structure for view `v_products_prices`
--

/*!50001 DROP VIEW IF EXISTS `v_products_prices`*/;
/*!50001 SET @saved_cs_client          = @@character_set_client */;
/*!50001 SET @saved_cs_results         = @@character_set_results */;
/*!50001 SET @saved_col_connection     = @@collation_connection */;
/*!50001 SET character_set_client      = utf8mb4 */;
/*!50001 SET character_set_results     = utf8mb4 */;
/*!50001 SET collation_connection      = utf8mb4_0900_ai_ci */;
/*!50001 CREATE ALGORITHM=UNDEFINED */
/*!50013 DEFINER=`root`@`localhost` SQL SECURITY DEFINER */
/*!50001 VIEW `v_products_prices` AS select `p`.`id` AS `id`,`p`.`name` AS `name`,`p2`.`price` AS `price`,`p2`.`price_date` AS `price_date` from (`products` `p` left join `prices` `p2` on((`p2`.`product_id` = `p`.`id`))) order by `p`.`id`,`p2`.`price_date` desc */;
/*!50001 SET character_set_client      = @saved_cs_client */;
/*!50001 SET character_set_results     = @saved_cs_results */;
/*!50001 SET collation_connection      = @saved_col_connection */;

--
-- Final view structure for view `v_products_properties`
--

/*!50001 DROP VIEW IF EXISTS `v_products_properties`*/;
/*!50001 SET @saved_cs_client          = @@character_set_client */;
/*!50001 SET @saved_cs_results         = @@character_set_results */;
/*!50001 SET @saved_col_connection     = @@collation_connection */;
/*!50001 SET character_set_client      = utf8mb4 */;
/*!50001 SET character_set_results     = utf8mb4 */;
/*!50001 SET collation_connection      = utf8mb4_0900_ai_ci */;
/*!50001 CREATE ALGORITHM=UNDEFINED */
/*!50013 DEFINER=`root`@`localhost` SQL SECURITY DEFINER */
/*!50001 VIEW `v_products_properties` AS select `p`.`id` AS `id`,`p`.`name` AS `name`,`p2`.`name` AS `property_name`,`pp`.`value` AS `property_value` from ((`products` `p` left join `products_properties` `pp` on((`pp`.`product_id` = `p`.`id`))) left join `properties` `p2` on((`p2`.`id` = `pp`.`property_id`))) order by `p`.`id`,`p2`.`name` */;
/*!50001 SET character_set_client      = @saved_cs_client */;
/*!50001 SET character_set_results     = @saved_cs_results */;
/*!50001 SET collation_connection      = @saved_col_connection */;
/*!40103 SET TIME_ZONE=@OLD_TIME_ZONE */;

/*!40101 SET SQL_MODE=@OLD_SQL_MODE */;
/*!40014 SET FOREIGN_KEY_CHECKS=@OLD_FOREIGN_KEY_CHECKS */;
/*!40014 SET UNIQUE_CHECKS=@OLD_UNIQUE_CHECKS */;
/*!40101 SET CHARACTER_SET_CLIENT=@OLD_CHARACTER_SET_CLIENT */;
/*!40101 SET CHARACTER_SET_RESULTS=@OLD_CHARACTER_SET_RESULTS */;
/*!40101 SET COLLATION_CONNECTION=@OLD_COLLATION_CONNECTION */;
/*!40111 SET SQL_NOTES=@OLD_SQL_NOTES */;

-- Dump completed on 2020-10-13  0:42:42
